start,end,max_end,size_bytes,instructions,score,basic_blocks,reasons
0x401000,0x40101b,0x401020,27,11,7,2,call-target;prologue
0x401020,0x40110f,0x401110,239,60,7,9,call-target;prologue
0x401110,0x401533,0x401540,1059,254,7,16,call-target;prologue
0x401540,0x40179c,0x4017a0,604,178,7,4,call-target;prologue
0x4017a0,0x401895,0x4018a0,245,74,7,9,call-target;prologue
0x4018a0,0x4019f4,0x401a00,340,96,7,7,call-target;prologue
0x401a00,0x401a1d,0x401a20,29,11,7,2,call-target;prologue
0x401a20,0x401a4b,0x401a50,43,13,4,2,prologue
0x401a50,0x401a77,0x401a80,39,12,4,2,prologue
0x401a80,0x401aab,0x401ab0,43,13,4,2,prologue
0x401ab0,0x401ae6,0x401af0,54,16,7,2,call-target;prologue
0x401af0,0x401afd,0x401b00,13,6,7,2,call-target;prologue
0x401b00,0x401b1f,0x401b20,31,10,7,2,call-target;prologue
0x401b20,0x401c18,0x401c20,248,84,7,12,call-target;prologue
0x401c20,0x401d74,0x401d80,340,117,7,17,call-target;prologue
0x401d80,0x401ef8,0x401f00,376,143,7,15,call-target;prologue
0x401f00,0x401f48,0x401f50,72,30,4,3,prologue
0x401f50,0x40211f,0x402140,463,131,7,11,call-target;prologue
0x402140,0x40224e,0x402250,270,83,4,6,prologue
0x402250,0x402384,0x4023b0,308,90,7,12,call-target;prologue
0x4023b0,0x402522,0x402540,370,111,7,7,call-target;prologue
0x402540,0x4025e1,0x4025f0,161,53,4,4,prologue
0x4025f0,0x402656,0x402660,102,30,7,6,call-target;prologue
0x402660,0x402684,0x402690,36,13,7,4,call-target;prologue
0x402690,0x4027c2,0x4027d0,306,91,7,8,call-target;prologue
0x4027d0,0x402894,0x4028a0,196,52,7,6,call-target;prologue
0x4028a0,0x4028ad,0x4028b0,13,6,7,2,call-target;prologue
0x4028b0,0x4028ba,0x4028c0,10,5,7,2,call-target;prologue
0x4028c0,0x4028e5,0x4028f0,37,14,4,5,prologue
0x4028f0,0x40296b,0x402970,123,41,7,5,call-target;prologue
0x402970,0x4029f0,0x4029f0,128,43,4,4,prologue
0x4029f0,0x402d49,0x402d50,857,207,7,7,call-target;prologue
0x402d50,0x4031f1,0x403200,1185,291,7,12,call-target;prologue
0x403200,0x4033fb,0x403400,507,138,7,7,call-target;prologue
0x403400,0x40361c,0x403620,540,140,4,7,prologue
0x403620,0x403906,0x403910,742,170,4,7,prologue
0x403910,0x403b88,0x403b90,632,152,7,7,call-target;prologue
0x403b90,0x403bdc,0x403be0,76,19,7,3,call-target;prologue
0x403be0,0x403cf6,0x403d00,278,79,7,8,call-target;prologue
0x403d00,0x403d1d,0x403d20,29,11,7,2,call-target;prologue
0x403d20,0x403d7f,0x403d80,95,30,7,5,call-target;prologue
0x403d80,0x403e45,0x403e50,197,62,7,7,call-target;prologue
0x403e50,0x403eaa,0x403eb0,90,28,7,3,call-target;prologue
0x403eb0,0x403f3b,0x403f40,139,44,7,5,call-target;prologue
0x403f40,0x404008,0x404010,200,65,7,7,call-target;prologue
0x404010,0x404114,0x404120,260,81,4,5,prologue
0x404120,0x40418b,0x404190,107,32,4,4,prologue
0x404190,0x4041c4,0x4041d0,52,19,7,4,call-target;prologue
0x4041d0,0x404201,0x404210,49,19,7,2,call-target;prologue
0x404210,0x40423d,0x404240,45,18,7,2,call-target;prologue
0x404240,0x4042a3,0x4042b0,99,39,7,4,call-target;prologue
0x4042b0,0x4042f2,0x404300,66,26,7,3,call-target;prologue
0x404300,0x404313,0x404320,19,9,7,2,call-target;prologue
0x404320,0x404351,0x404360,49,19,7,2,call-target;prologue
0x404360,0x40437d,0x404380,29,13,7,2,call-target;prologue
0x404380,0x404393,0x4043a0,19,9,7,2,call-target;prologue
0x4043a0,0x4043d4,0x4043e0,52,19,7,4,call-target;prologue
0x4043e0,0x4043ff,0x404400,31,13,7,2,call-target;prologue
0x404400,0x40441f,0x404420,31,13,7,2,call-target;prologue
0x404420,0x404438,0x404440,24,12,7,2,call-target;prologue
0x404440,0x4044b2,0x4044c0,114,41,7,4,call-target;prologue
0x4044c0,0x4044e1,0x4044f0,33,15,7,2,call-target;prologue
0x4044f0,0x404557,0x404560,103,35,7,3,call-target;prologue
0x404560,0x40458e,0x404590,46,20,7,2,call-target;prologue
0x404590,0x4045af,0x4045b0,31,13,7,2,call-target;prologue
0x4045b0,0x404629,0x404630,121,47,7,2,call-target;prologue
0x404630,0x40469e,0x4046a0,110,38,7,3,call-target;prologue
0x4046a0,0x4046b3,0x4046c0,19,9,7,2,call-target;prologue
0x4046c0,0x4046ed,0x4046f0,45,18,7,2,call-target;prologue
0x4046f0,0x40471d,0x404720,45,18,7,2,call-target;prologue
0x404720,0x404733,0x404740,19,9,7,2,call-target;prologue
0x404740,0x40476d,0x404770,45,18,7,2,call-target;prologue
0x404770,0x404a8c,0x404a90,796,273,7,15,call-target;prologue
0x404a90,0x404aa3,0x404ab0,19,9,7,2,call-target;prologue
0x404ab0,0x404b0a,0x404b10,90,26,7,2,call-target;prologue
0x404b10,0x404b35,0x404b40,37,14,7,2,call-target;prologue
0x404b40,0x404b9d,0x404ba0,93,26,7,2,call-target;prologue
0x404ba0,0x404bb6,0x404bc0,22,10,4,2,prologue
0x404bc0,0x404bec,0x404bf0,44,17,4,3,prologue
0x404bf0,0x404c44,0x404c50,84,23,7,2,call-target;prologue
0x404c50,0x404c6c,0x404c70,28,11,7,2,call-target;prologue
0x404c70,0x404c9c,0x404ca0,44,17,4,3,prologue
0x404ca0,0x404ce7,0x404cf0,71,26,7,2,call-target;prologue
0x404cf0,0x404d07,0x404d10,23,11,7,2,call-target;prologue
0x404d10,0x404d23,0x404d30,19,9,7,2,call-target;prologue
0x404d30,0x404de2,0x404df0,178,62,7,6,call-target;prologue
0x404df0,0x404e09,0x404e10,25,12,7,2,call-target;prologue
0x404e10,0x404e84,0x404e90,116,42,7,5,call-target;prologue
0x404e90,0x404ebd,0x404ec0,45,18,7,4,call-target;prologue
0x404ec0,0x404edc,0x404ee0,28,12,7,2,call-target;prologue
0x404ee0,0x404ef0,0x404ef0,16,8,7,1,call-target;prologue
0x404ef0,0x404f7d,0x404f80,141,49,7,5,call-target;prologue
0x404f80,0x404f99,0x404fa0,25,12,7,2,call-target;prologue
0x404fa0,0x404fb1,0x404fc0,17,9,7,2,call-target;prologue
0x404fc0,0x404ff4,0x405000,52,19,7,2,call-target;prologue
0x405000,0x40500f,0x405010,15,8,7,2,call-target;prologue
0x405010,0x4050a7,0x4050b0,151,55,7,8,call-target;prologue
0x4050b0,0x4050dd,0x4050e0,45,18,7,4,call-target;prologue
0x4050e0,0x4050f9,0x405100,25,11,7,2,call-target;prologue
0x405100,0x405119,0x405120,25,11,7,2,call-target;prologue
0x405120,0x40513b,0x405140,27,12,7,2,call-target;prologue
0x405140,0x40515f,0x405160,31,13,7,2,call-target;prologue
0x405160,0x405181,0x405190,33,15,7,2,call-target;prologue
0x405190,0x4051f3,0x405200,99,38,7,3,call-target;prologue
0x405200,0x405221,0x405230,33,15,7,2,call-target;prologue
0x405230,0x405249,0x405250,25,11,7,2,call-target;prologue
0x405250,0x40526c,0x405270,28,12,7,2,call-target;prologue
0x405270,0x405290,0x405290,32,14,7,1,call-target;prologue
0x405290,0x4052ab,0x4052b0,27,12,7,2,call-target;prologue
0x4052b0,0x4052d3,0x4052e0,35,14,7,2,call-target;prologue
0x4052e0,0x4052f0,0x4052f0,16,9,7,1,call-target;prologue
0x4052f0,0x40530c,0x405310,28,12,7,2,call-target;prologue
0x405310,0x405330,0x405330,32,14,7,1,call-target;prologue
0x405330,0x405340,0x405340,16,9,7,1,call-target;prologue
0x405340,0x405365,0x405370,37,14,4,2,prologue
0x405370,0x4053d4,0x4053e0,100,29,7,2,call-target;prologue
0x4053e0,0x40541a,0x405420,58,21,7,2,call-target;prologue
0x405420,0x405453,0x405460,51,18,7,4,call-target;prologue
0x405460,0x405550,0x4055c0,240,81,7,9,call-target;prologue
0x4055c0,0x4055ec,0x4055f0,44,15,7,4,call-target;prologue
0x4055f0,0x40593e,0x405940,846,285,7,15,call-target;prologue
0x405940,0x405953,0x405960,19,9,7,2,call-target;prologue
0x405960,0x4059ba,0x4059c0,90,26,7,2,call-target;prologue
0x4059c0,0x4059db,0x4059e0,27,12,7,2,call-target;prologue
0x4059e0,0x405a0c,0x405a10,44,15,7,4,call-target;prologue
0x405a10,0x405a28,0x405a30,24,11,7,2,call-target;prologue
0x405a30,0x405a4a,0x405a50,26,12,7,2,call-target;prologue
0x405a50,0x405a68,0x405a70,24,11,7,2,call-target;prologue
0x405a70,0x405a91,0x405aa0,33,15,7,2,call-target;prologue
0x405aa0,0x405ac6,0x405ad0,38,16,7,2,call-target;prologue
0x405ad0,0x405ae1,0x405af0,17,8,7,2,call-target;prologue
0x405af0,0x405afe,0x405b00,14,8,7,2,call-target;prologue
0x405b00,0x405b1b,0x405b20,27,12,7,2,call-target;prologue
0x405b20,0x405b4c,0x405b50,44,15,7,4,call-target;prologue
0x405b50,0x405b89,0x405b90,57,21,7,4,call-target;prologue
0x405b90,0x405bc9,0x405bd0,57,21,7,4,call-target;prologue
0x405bd0,0x405bfe,0x405c00,46,20,7,2,call-target;prologue
0x405c00,0x405c1c,0x405c20,28,14,7,2,call-target;prologue
0x405c20,0x405c9d,0x405ca0,125,48,7,5,call-target;prologue
0x405ca0,0x405cd3,0x405ce0,51,20,7,5,call-target;prologue
0x405ce0,0x405d13,0x405d20,51,23,7,2,call-target;prologue
0x405d20,0x405d57,0x405d60,55,25,7,2,call-target;prologue
0x405d60,0x405d85,0x405d90,37,17,7,2,call-target;prologue
0x405d90,0x405db4,0x405dc0,36,16,7,5,call-target;prologue
0x405dc0,0x405df3,0x405e00,51,23,7,2,call-target;prologue
0x405e00,0x405e14,0x405e20,20,9,7,2,call-target;prologue
0x405e20,0x405e53,0x405e60,51,23,7,2,call-target;prologue
0x405e60,0x405e93,0x405ea0,51,23,7,2,call-target;prologue
0x405ea0,0x405eb4,0x405ec0,20,9,7,2,call-target;prologue
0x405ec0,0x405ee5,0x405ef0,37,17,7,2,call-target;prologue
0x405ef0,0x405f1b,0x405f20,43,20,7,5,call-target;prologue
0x405f20,0x405f53,0x405f60,51,23,7,2,call-target;prologue
0x405f60,0x405f71,0x405f80,17,8,7,2,call-target;prologue
0x405f80,0x405fb7,0x405fc0,55,25,7,2,call-target;prologue
0x405fc0,0x405fcb,0x405fd0,11,7,7,2,call-target;prologue
0x405fd0,0x405fd5,0x405fe0,5,4,7,2,call-target;prologue
0x405fe0,0x405ff9,0x406000,25,12,7,2,call-target;prologue
0x406000,0x406037,0x406040,55,25,7,2,call-target;prologue
0x406040,0x406073,0x406080,51,22,7,2,call-target;prologue
0x406080,0x40608b,0x406090,11,7,7,2,call-target;prologue
0x406090,0x4060c7,0x4060d0,55,24,7,5,call-target;prologue
0x4060d0,0x4060f6,0x406100,38,16,7,5,call-target;prologue
0x406100,0x406137,0x406140,55,25,7,2,call-target;prologue
0x406140,0x406175,0x406180,53,23,7,4,call-target;prologue
0x406180,0x40621d,0x406220,157,57,7,10,call-target;prologue
0x406220,0x40623d,0x406240,29,13,7,2,call-target;prologue
0x406240,0x406259,0x406260,25,11,7,2,call-target;prologue
0x406260,0x40628b,0x406290,43,18,7,5,call-target;prologue
0x406290,0x4062c1,0x4062d0,49,21,7,2,call-target;prologue
0x4062d0,0x406372,0x406380,162,59,7,10,call-target;prologue
0x406380,0x4063c1,0x4063d0,65,26,7,4,call-target;prologue
0x4063d0,0x4063d8,0x4063e0,8,5,7,2,call-target;prologue
0x4063e0,0x4063e5,0x4063f0,5,4,7,2,call-target;prologue
0x4063f0,0x40641a,0x406420,42,16,7,2,call-target;prologue
0x406420,0x40649e,0x4064a0,126,41,7,6,call-target;prologue
0x4064a0,0x4064bc,0x4064c0,28,12,7,2,call-target;prologue
0x4064c0,0x4064ce,0x4064d0,14,8,7,2,call-target;prologue
0x4064d0,0x4064e0,0x4064e0,16,8,7,1,call-target;prologue
0x4064e0,0x40650a,0x406510,42,16,7,2,call-target;prologue
0x406510,0x40658e,0x406590,126,41,7,6,call-target;prologue
0x406590,0x4065ac,0x4065b0,28,12,7,2,call-target;prologue
0x4065b0,0x4065be,0x4065c0,14,8,7,2,call-target;prologue
0x4065c0,0x4065d0,0x4065d0,16,8,7,1,call-target;prologue
0x4065d0,0x4065e3,0x4065f0,19,9,7,2,call-target;prologue
0x4065f0,0x406603,0x406610,19,9,7,2,call-target;prologue
0x406610,0x406648,0x406650,56,15,7,3,call-target;prologue
0x406650,0x4066b2,0x4066c0,98,27,7,4,call-target;prologue
0x4066c0,0x4066dd,0x4066e0,29,11,7,2,call-target;prologue
0x4066e0,0x406817,0x406820,311,93,7,7,call-target;prologue
0x406820,0x406a14,0x406a20,500,176,7,12,call-target;prologue
0x406a20,0x406b7c,0x406b80,348,127,7,8,call-target;prologue
0x406b80,0x406daf,0x406db0,559,176,7,11,call-target;prologue
0x406db0,0x406dec,0x406df0,60,24,7,2,call-target;prologue
0x406df0,0x406e03,0x406e10,19,9,7,2,call-target;prologue
0x406e10,0x406e7e,0x406e80,110,39,7,3,call-target;prologue
0x406e80,0x407165,0x407170,741,211,7,33,call-target;prologue
0x407170,0x407196,0x4071a0,38,14,7,4,call-target;prologue
0x4071a0,0x4071be,0x4071c0,30,14,7,2,call-target;prologue
0x4071c0,0x407261,0x407270,161,42,7,3,call-target;prologue
0x407270,0x407394,0x4073a0,292,82,7,7,call-target;prologue
0x4073a0,0x4073ab,0x4073b0,11,7,7,2,call-target;prologue
0x4073b0,0x4073bd,0x4073c0,13,6,7,2,call-target;prologue
0x4073c0,0x4073cd,0x4073d0,13,6,7,2,call-target;prologue
0x4073d0,0x40753f,0x407540,367,99,4,10,prologue
0x407540,0x407695,0x4076a0,341,122,4,8,prologue
0x4076a0,0x4077d6,0x4077e0,310,112,7,7,call-target;prologue
0x4077e0,0x4079b8,0x4079c0,472,177,4,9,prologue
0x4079c0,0x407a4e,0x407a50,142,55,7,6,call-target;prologue
0x407a50,0x407b71,0x407b80,289,77,4,8,prologue
0x407b80,0x407c9b,0x407ca0,283,76,7,8,call-target;prologue
0x407ca0,0x407cbd,0x407cc0,29,8,7,2,call-target;prologue
0x407cc0,0x407d69,0x407d70,169,54,7,5,call-target;prologue
0x407d70,0x407dc8,0x407dd0,88,27,7,3,call-target;prologue
0x407dd0,0x407e51,0x407e60,129,39,7,6,call-target;prologue
0x407e60,0x407eea,0x407ef0,138,38,7,5,call-target;prologue
0x407ef0,0x408107,0x408110,535,166,4,20,prologue
0x408110,0x408383,0x408390,627,232,7,7,call-target;prologue
0x408390,0x408667,0x408670,727,266,7,9,call-target;prologue
0x408670,0x4088f4,0x408900,644,153,7,14,call-target;prologue
0x408900,0x408bc9,0x408bd0,713,173,7,15,call-target;prologue
0x408bd0,0x40928c,0x409290,1724,626,7,31,call-target;prologue
0x409290,0x4092e3,0x4092f0,83,22,7,2,call-target;prologue
0x4092f0,0x409347,0x409350,87,32,7,4,call-target;prologue
0x409350,0x40937a,0x409380,42,16,7,2,call-target;prologue
0x409380,0x409393,0x4093a0,19,9,7,2,call-target;prologue
0x4093a0,0x4093d4,0x4093e0,52,19,7,4,call-target;prologue
0x4093e0,0x409426,0x409430,70,25,7,3,call-target;prologue
0x409430,0x409461,0x409470,49,19,7,2,call-target;prologue
0x409470,0x40948d,0x409490,29,13,7,2,call-target;prologue
0x409490,0x4094a3,0x4094b0,19,9,7,2,call-target;prologue
0x4094b0,0x4094c1,0x4094d0,17,9,7,2,call-target;prologue
0x4094d0,0x4094f0,0x4094f0,32,13,7,1,call-target;prologue
0x4094f0,0x40951d,0x409520,45,18,7,2,call-target;prologue
0x409520,0x4095ba,0x4095c0,154,53,7,4,call-target;prologue
0x4095c0,0x409693,0x4096a0,211,75,7,5,call-target;prologue
0x4096a0,0x409737,0x409740,151,53,7,4,call-target;prologue
0x409740,0x409753,0x409760,19,9,7,2,call-target;prologue
0x409760,0x40977f,0x409780,31,13,7,2,call-target;prologue
0x409780,0x4097e0,0x4097e0,96,38,7,1,call-target;prologue
0x4097e0,0x40985e,0x409860,126,41,7,6,call-target;prologue
0x409860,0x4098c7,0x4098d0,103,35,7,3,call-target;prologue
0x4098d0,0x40992a,0x409930,90,26,7,2,call-target;prologue
0x409930,0x409955,0x409960,37,14,7,2,call-target;prologue
0x409960,0x40997c,0x409980,28,11,7,2,call-target;prologue
0x409980,0x4099ac,0x4099b0,44,17,4,3,prologue
0x4099b0,0x4099cc,0x4099d0,28,12,7,2,call-target;prologue
0x4099d0,0x4099de,0x4099e0,14,8,7,2,call-target;prologue
0x4099e0,0x409a03,0x409a10,35,15,7,2,call-target;prologue
0x409a10,0x409a39,0x409a40,41,17,7,2,call-target;prologue
0x409a40,0x409a59,0x409a60,25,12,7,2,call-target;prologue
0x409a60,0x409c5f,0x409c60,511,183,7,8,call-target;prologue
0x409c60,0x409d11,0x409d20,177,60,7,8,call-target;prologue
0x409d20,0x409d3b,0x409d40,27,12,7,2,call-target;prologue
0x409d40,0x409d5d,0x409d60,29,13,7,2,call-target;prologue
0x409d60,0x409d79,0x409d80,25,11,7,2,call-target;prologue
0x409d80,0x409d93,0x409da0,19,9,7,2,call-target;prologue
0x409da0,0x409dcd,0x409dd0,45,18,7,2,call-target;prologue
0x409dd0,0x409de3,0x409df0,19,9,7,2,call-target;prologue
0x409df0,0x409e29,0x409e30,57,22,7,2,call-target;prologue
0x409e30,0x409e55,0x409e60,37,14,4,2,prologue
0x409e60,0x409e7f,0x409e80,31,13,7,2,call-target;prologue
0x409e80,0x409e93,0x409ea0,19,9,7,2,call-target;prologue
0x409ea0,0x409ec1,0x409ed0,33,15,7,2,call-target;prologue
0x409ed0,0x409f33,0x409f40,99,38,7,3,call-target;prologue
0x409f40,0x409f61,0x409f70,33,15,7,2,call-target;prologue
0x409f70,0x409fca,0x409fd0,90,26,7,2,call-target;prologue
0x409fd0,0x409fe0,0x409fe0,16,8,7,1,call-target;prologue
0x409fe0,0x409ff9,0x40a000,25,11,7,2,call-target;prologue
0x40a000,0x40a01b,0x40a020,27,12,7,2,call-target;prologue
0x40a020,0x40a036,0x40a040,22,10,7,2,call-target;prologue
0x40a040,0x40a09a,0x40a0a0,90,26,7,2,call-target;prologue
0x40a0a0,0x40a0b9,0x40a0c0,25,11,7,2,call-target;prologue
0x40a0c0,0x40a0d9,0x40a0e0,25,11,7,2,call-target;prologue
0x40a0e0,0x40a0fb,0x40a100,27,12,7,2,call-target;prologue
0x40a100,0x40a119,0x40a120,25,11,7,2,call-target;prologue
0x40a120,0x40a13c,0x40a140,28,12,7,2,call-target;prologue
0x40a140,0x40a160,0x40a160,32,14,7,1,call-target;prologue
0x40a160,0x40a170,0x40a170,16,9,7,1,call-target;prologue
0x40a170,0x40a190,0x40a190,32,14,7,1,call-target;prologue
0x40a190,0x40a1ab,0x40a1b0,27,12,7,2,call-target;prologue
0x40a1b0,0x40a203,0x40a210,83,32,7,3,call-target;prologue
0x40a210,0x40a52c,0x40a530,796,273,7,15,call-target;prologue
0x40a530,0x40a55c,0x40a560,44,15,7,4,call-target;prologue
0x40a560,0x40a58c,0x40a590,44,15,7,4,call-target;prologue
0x40a590,0x40a5a8,0x40a5b0,24,11,7,2,call-target;prologue
0x40a5b0,0x40a5d1,0x40a5e0,33,15,7,2,call-target;prologue
0x40a5e0,0x40a5ff,0x40a600,31,13,7,2,call-target;prologue
0x40a600,0x40a621,0x40a630,33,14,7,2,call-target;prologue
0x40a630,0x40a664,0x40a670,52,19,7,4,call-target;prologue
0x40a670,0x40a69e,0x40a6a0,46,20,7,2,call-target;prologue
0x40a6a0,0x40a6bc,0x40a6c0,28,14,7,2,call-target;prologue
0x40a6c0,0x40a6f2,0x40a700,50,20,7,2,call-target;prologue
0x40a700,0x40a737,0x40a740,55,25,7,2,call-target;prologue
0x40a740,0x40a777,0x40a780,55,25,7,2,call-target;prologue
0x40a780,0x40a7b3,0x40a7c0,51,23,7,2,call-target;prologue
0x40a7c0,0x40a7d4,0x40a7e0,20,9,7,2,call-target;prologue
0x40a7e0,0x40a821,0x40a830,65,26,7,4,call-target;prologue
0x40a830,0x40a83f,0x40a840,15,7,7,2,call-target;prologue
0x40a840,0x40a873,0x40a880,51,23,7,2,call-target;prologue
0x40a880,0x40a8b3,0x40a8c0,51,23,7,2,call-target;prologue
0x40a8c0,0x40a8d4,0x40a8e0,20,9,7,2,call-target;prologue
0x40a8e0,0x40a8f4,0x40a900,20,9,7,2,call-target;prologue
0x40a900,0x40a905,0x40a910,5,4,7,2,call-target;prologue
0x40a910,0x40a935,0x40a940,37,17,7,2,call-target;prologue
0x40a940,0x40a964,0x40a970,36,16,7,5,call-target;prologue
0x40a970,0x40a9a3,0x40a9b0,51,23,7,2,call-target;prologue
0x40a9b0,0x40a9e7,0x40a9f0,55,25,7,2,call-target;prologue
0x40a9f0,0x40aa1c,0x40aa20,44,17,7,3,call-target;prologue
0x40aa20,0x40aa2b,0x40aa30,11,7,7,2,call-target;prologue
0x40aa30,0x40aa55,0x40aa60,37,15,7,2,call-target;prologue
0x40aa60,0x40aa6b,0x40aa70,11,7,7,2,call-target;prologue
0x40aa70,0x40aaa1,0x40aab0,49,21,7,2,call-target;prologue
0x40aab0,0x40aac9,0x40aad0,25,12,7,2,call-target;prologue
0x40aad0,0x40aad5,0x40aae0,5,4,7,2,call-target;prologue
0x40aae0,0x40aaeb,0x40aaf0,11,7,7,2,call-target;prologue
0x40aaf0,0x40ab21,0x40ab30,49,21,7,2,call-target;prologue
0x40ab30,0x40ab35,0x40ab40,5,4,7,2,call-target;prologue
0x40ab40,0x40ab77,0x40ab80,55,25,7,2,call-target;prologue
0x40ab80,0x40abb3,0x40abc0,51,22,7,2,call-target;prologue
0x40abc0,0x40abd9,0x40abe0,25,12,7,2,call-target;prologue
0x40abe0,0x40ac0b,0x40ac10,43,18,7,5,call-target;prologue
0x40ac10,0x40ac41,0x40ac50,49,21,7,2,call-target;prologue
0x40ac50,0x40ac7b,0x40ac80,43,18,7,5,call-target;prologue
0x40ac80,0x40acc8,0x40acd0,72,21,7,2,call-target;prologue
0x40acd0,0x40ad05,0x40ad10,53,20,7,2,call-target;prologue
0x40ad10,0x40ad1e,0x40ad20,14,8,7,2,call-target;prologue
0x40ad20,0x40ad3c,0x40ad40,28,12,7,2,call-target;prologue
0x40ad40,0x40ad50,0x40ad50,16,8,7,1,call-target;prologue
0x40ad50,0x40ad60,0x40ad60,16,8,7,1,call-target;prologue
0x40ad60,0x40ad73,0x40ad80,19,9,7,2,call-target;prologue
0x40ad80,0x40ae31,0x40ae40,177,48,7,2,call-target;prologue
0x40ae40,0x40aff2,0x40b000,434,135,7,14,call-target;prologue
0x40b000,0x40b105,0x40b110,261,79,4,6,prologue
0x40b110,0x40b1c8,0x40b1d0,184,56,7,3,call-target;prologue
0x40b1d0,0x40b250,0x40b250,128,37,7,1,call-target;prologue
0x40b250,0x40b271,0x40b280,33,13,4,2,prologue
0x40b280,0x40b557,0x40b560,727,180,4,10,prologue
0x40b560,0x40b79f,0x40b7a0,575,145,4,7,prologue
0x40b7a0,0x40b7bb,0x40b7c0,27,12,4,2,prologue
0x40b7c0,0x40bb75,0x40bb80,949,329,7,15,call-target;prologue
0x40bb80,0x40bb9f,0x40bba0,31,14,7,2,call-target;prologue
0x40bba0,0x40bf36,0x40bf40,918,319,7,14,call-target;prologue
0x40bf40,0x40bf5f,0x40bf60,31,14,4,2,prologue
0x40bf60,0x40c376,0x40c380,1046,313,7,17,call-target;prologue
0x40c380,0x40c58b,0x40c590,523,161,7,10,call-target;prologue
0x40c590,0x40c6e4,0x40c6f0,340,125,7,7,call-target;prologue
0x40c6f0,0x40c726,0x40c730,54,21,4,4,prologue
0x40c730,0x40c7dd,0x40c7e0,173,71,7,3,call-target;prologue
0x40c7e0,0x40c7f0,0x40c7f0,16,8,4,1,prologue
0x40c7f0,0x40c831,0x40c840,65,24,7,5,call-target;prologue
0x40c840,0x40c859,0x40c860,25,11,7,2,call-target;prologue
0x40c860,0x40c879,0x40c880,25,11,7,2,call-target;prologue
0x40c880,0x40c899,0x40c8a0,25,11,7,2,call-target;prologue
0x40c8a0,0x40c8b9,0x40c8c0,25,11,7,2,call-target;prologue
0x40c8c0,0x40c962,0x40c970,162,53,7,8,call-target;prologue
0x40c970,0x40c99a,0x40c9a0,42,18,7,2,call-target;prologue
0x40c9a0,0x40ca13,0x40ca20,115,37,7,2,call-target;prologue
0x40ca20,0x40ca7c,0x40ca80,92,34,7,2,call-target;prologue
0x40ca80,0x40ceec,0x40cef0,1132,303,7,10,call-target;prologue
0x40cef0,0x40d2d2,0x40d2e0,994,269,7,8,call-target;prologue
0x40d2e0,0x40d6aa,0x40d6b0,970,257,4,6,prologue
0x40d6b0,0x40d784,0x40d790,212,66,4,4,prologue
0x40d790,0x40d83b,0x40d840,171,52,7,2,call-target;prologue
0x40d840,0x40d863,0x40d870,35,16,4,2,prologue
0x40d870,0x40d8c0,0x40d8c0,80,27,7,1,call-target;prologue
0x40d8c0,0x40d8d6,0x40d8e0,22,10,7,2,call-target;prologue
0x40d8e0,0x40d8f3,0x40d900,19,9,7,2,call-target;prologue
0x40d900,0x40d911,0x40d920,17,8,7,2,call-target;prologue
0x40d920,0x40d93c,0x40d940,28,12,7,2,call-target;prologue
0x40d940,0x40d951,0x40d960,17,8,7,2,call-target;prologue
0x40d960,0x40d97c,0x40d980,28,12,7,2,call-target;prologue
0x40d980,0x40d98e,0x40d990,14,8,7,2,call-target;prologue
0x40d990,0x40d9e5,0x40d9f0,85,28,7,2,call-target;prologue
0x40d9f0,0x40d9fe,0x40da00,14,8,7,2,call-target;prologue
0x40da00,0x40db03,0x40db10,259,93,7,2,call-target;prologue
0x40db10,0x40db43,0x40db50,51,20,7,2,call-target;prologue
0x40db50,0x40dc81,0x40dc90,305,109,7,2,call-target;prologue
0x40dc90,0x40dcba,0x40dcc0,42,16,7,2,call-target;prologue
0x40dcc0,0x40dcd3,0x40dce0,19,9,7,2,call-target;prologue
0x40dce0,0x40dcff,0x40dd00,31,13,7,2,call-target;prologue
0x40dd00,0x40dd1f,0x40dd20,31,13,7,2,call-target;prologue
0x40dd20,0x40dd59,0x40dd60,57,21,7,4,call-target;prologue
0x40dd60,0x40dd91,0x40dda0,49,19,7,2,call-target;prologue
0x40dda0,0x40ddbd,0x40ddc0,29,13,7,2,call-target;prologue
0x40ddc0,0x40de23,0x40de30,99,38,7,3,call-target;prologue
0x40de30,0x40de43,0x40de50,19,9,7,2,call-target;prologue
0x40de50,0x40de7a,0x40de80,42,16,7,2,call-target;prologue
0x40de80,0x40de93,0x40dea0,19,9,7,2,call-target;prologue
0x40dea0,0x40ded4,0x40dee0,52,19,7,4,call-target;prologue
0x40dee0,0x40df11,0x40df20,49,19,7,2,call-target;prologue
0x40df20,0x40df3d,0x40df40,29,13,7,2,call-target;prologue
0x40df40,0x40df53,0x40df60,19,9,7,2,call-target;prologue
0x40df60,0x40dfa8,0x40dfb0,72,21,7,2,call-target;prologue
0x40dfb0,0x40dfc3,0x40dfd0,19,9,7,2,call-target;prologue
0x40dfd0,0x40dffd,0x40e000,45,18,7,2,call-target;prologue
0x40e000,0x40e09e,0x40e0a0,158,54,7,2,call-target;prologue
0x40e0a0,0x40e11e,0x40e120,126,41,7,6,call-target;prologue
0x40e120,0x40e141,0x40e150,33,15,7,2,call-target;prologue
0x40e150,0x40e1be,0x40e1c0,110,38,7,3,call-target;prologue
0x40e1c0,0x40e1dc,0x40e1e0,28,12,7,2,call-target;prologue
0x40e1e0,0x40e1ee,0x40e1f0,14,8,7,2,call-target;prologue
0x40e1f0,0x40e20f,0x40e210,31,13,7,2,call-target;prologue
0x40e210,0x40e270,0x40e270,96,38,7,1,call-target;prologue
0x40e270,0x40e2ee,0x40e2f0,126,41,7,6,call-target;prologue
0x40e2f0,0x40e357,0x40e360,103,35,7,3,call-target;prologue
0x40e360,0x40e37c,0x40e380,28,12,7,2,call-target;prologue
0x40e380,0x40e38e,0x40e390,14,8,7,2,call-target;prologue
0x40e390,0x40e441,0x40e450,177,60,7,8,call-target;prologue
0x40e450,0x40e485,0x40e490,53,20,7,2,call-target;prologue
0x40e490,0x40e49e,0x40e4a0,14,8,7,2,call-target;prologue
0x40e4a0,0x40e4bc,0x40e4c0,28,12,7,2,call-target;prologue
0x40e4c0,0x40e4d3,0x40e4e0,19,9,7,2,call-target;prologue
0x40e4e0,0x40e500,0x40e500,32,14,7,1,call-target;prologue
0x40e500,0x40e521,0x40e530,33,15,7,2,call-target;prologue
0x40e530,0x40e543,0x40e550,19,9,7,2,call-target;prologue
0x40e550,0x40e57d,0x40e580,45,18,7,2,call-target;prologue
0x40e580,0x40e593,0x40e5a0,19,9,7,2,call-target;prologue
0x40e5a0,0x40e5c1,0x40e5d0,33,15,7,2,call-target;prologue
0x40e5d0,0x40e62a,0x40e630,90,26,7,2,call-target;prologue
0x40e630,0x40e640,0x40e640,16,8,7,1,call-target;prologue
0x40e640,0x40e659,0x40e660,25,11,7,2,call-target;prologue
0x40e660,0x40e67b,0x40e680,27,12,7,2,call-target;prologue
0x40e680,0x40e69f,0x40e6a0,31,13,7,2,call-target;prologue
0x40e6a0,0x40e6b3,0x40e6c0,19,9,7,2,call-target;prologue
0x40e6c0,0x40e6e1,0x40e6f0,33,15,7,2,call-target;prologue
0x40e6f0,0x40e753,0x40e760,99,38,7,3,call-target;prologue
0x40e760,0x40e781,0x40e790,33,15,7,2,call-target;prologue
0x40e790,0x40e7ea,0x40e7f0,90,26,7,2,call-target;prologue
0x40e7f0,0x40e800,0x40e800,16,8,7,1,call-target;prologue
0x40e800,0x40e819,0x40e820,25,11,7,2,call-target;prologue
0x40e820,0x40e83b,0x40e840,27,12,7,2,call-target;prologue
0x40e840,0x40e859,0x40e860,25,12,7,2,call-target;prologue
0x40e860,0x40e8fa,0x40e900,154,54,7,4,call-target;prologue
0x40e900,0x40e91c,0x40e920,28,12,7,2,call-target;prologue
0x40e920,0x40e930,0x40e930,16,8,7,1,call-target;prologue
0x40e930,0x40e949,0x40e950,25,11,7,2,call-target;prologue
0x40e950,0x40e969,0x40e970,25,11,7,2,call-target;prologue
0x40e970,0x40e989,0x40e990,25,11,7,2,call-target;prologue
0x40e990,0x40e9a8,0x40e9b0,24,11,7,2,call-target;prologue
0x40e9b0,0x40e9c0,0x40e9c0,16,9,7,1,call-target;prologue
0x40e9c0,0x40e9dc,0x40e9e0,28,14,7,2,call-target;prologue
0x40e9e0,0x40e9fc,0x40ea00,28,12,7,2,call-target;prologue
0x40ea00,0x40ea20,0x40ea20,32,14,7,1,call-target;prologue
0x40ea20,0x40ea30,0x40ea30,16,9,7,1,call-target;prologue
0x40ea30,0x40ed72,0x40ed80,834,285,7,15,call-target;prologue
0x40ed80,0x40edac,0x40edb0,44,15,7,4,call-target;prologue
0x40edb0,0x40f0cc,0x40f0d0,796,273,7,15,call-target;prologue
0x40f0d0,0x40f0fc,0x40f100,44,15,7,4,call-target;prologue
0x40f100,0x40f119,0x40f120,25,11,7,2,call-target;prologue
0x40f120,0x40f138,0x40f140,24,11,7,2,call-target;prologue
0x40f140,0x40f161,0x40f170,33,15,7,2,call-target;prologue
0x40f170,0x40f1a9,0x40f1b0,57,21,7,4,call-target;prologue
0x40f1b0,0x40f1de,0x40f1e0,46,20,7,2,call-target;prologue
0x40f1e0,0x40f214,0x40f220,52,19,7,4,call-target;prologue
0x40f220,0x40f24e,0x40f250,46,20,7,2,call-target;prologue
0x40f250,0x40f26c,0x40f270,28,14,7,2,call-target;prologue
0x40f270,0x40f2a3,0x40f2b0,51,23,7,2,call-target;prologue
0x40f2b0,0x40f2e3,0x40f2f0,51,23,7,2,call-target;prologue
0x40f2f0,0x40f304,0x40f310,20,9,7,2,call-target;prologue
0x40f310,0x40f343,0x40f350,51,23,7,2,call-target;prologue
0x40f350,0x40f383,0x40f390,51,23,7,2,call-target;prologue
0x40f390,0x40f3a4,0x40f3b0,20,9,7,2,call-target;prologue
0x40f3b0,0x40f3c0,0x40f3c0,16,8,7,1,call-target;prologue
0x40f3c0,0x40f3c5,0x40f3d0,5,4,7,2,call-target;prologue
0x40f3d0,0x40f3f5,0x40f400,37,17,7,2,call-target;prologue
0x40f400,0x40f42b,0x40f430,43,20,7,5,call-target;prologue
0x40f430,0x40f463,0x40f470,51,23,7,2,call-target;prologue
0x40f470,0x40f495,0x40f4a0,37,17,7,2,call-target;prologue
0x40f4a0,0x40f4c4,0x40f4d0,36,16,7,5,call-target;prologue
0x40f4d0,0x40f503,0x40f510,51,23,7,2,call-target;prologue
0x40f510,0x40f515,0x40f520,5,4,7,2,call-target;prologue
0x40f520,0x40f557,0x40f560,55,25,7,2,call-target;prologue
0x40f560,0x40f597,0x40f5a0,55,25,7,2,call-target;prologue
0x40f5a0,0x40f5ab,0x40f5b0,11,7,7,2,call-target;prologue
0x40f5b0,0x40f5e7,0x40f5f0,55,24,7,5,call-target;prologue
0x40f5f0,0x40f616,0x40f620,38,16,7,5,call-target;prologue
0x40f620,0x40f62b,0x40f630,11,7,7,2,call-target;prologue
0x40f630,0x40f661,0x40f670,49,21,7,2,call-target;prologue
0x40f670,0x40f675,0x40f680,5,4,7,2,call-target;prologue
0x40f680,0x40f6b7,0x40f6c0,55,25,7,2,call-target;prologue
0x40f6c0,0x40f6f5,0x40f700,53,23,7,4,call-target;prologue
0x40f700,0x40f737,0x40f740,55,25,7,2,call-target;prologue
0x40f740,0x40f773,0x40f780,51,22,7,2,call-target;prologue
0x40f780,0x40f81d,0x40f820,157,57,7,10,call-target;prologue
0x40f820,0x40f839,0x40f840,25,12,7,2,call-target;prologue
0x40f840,0x40f85d,0x40f860,29,13,7,2,call-target;prologue
0x40f860,0x40f879,0x40f880,25,11,7,2,call-target;prologue
0x40f880,0x40f922,0x40f930,162,59,7,10,call-target;prologue
0x40f930,0x40f961,0x40f970,49,21,7,2,call-target;prologue
0x40f970,0x40f99b,0x40f9a0,43,18,7,5,call-target;prologue
0x40f9a0,0x40f9e1,0x40f9f0,65,26,7,4,call-target;prologue
0x40f9f0,0x40f9ff,0x40fa00,15,7,7,2,call-target;prologue
0x40fa00,0x40fa2c,0x40fa30,44,17,7,3,call-target;prologue
0x40fa30,0x40fabe,0x40fac0,142,48,7,5,call-target;prologue
0x40fac0,0x40faf4,0x40fb00,52,18,7,2,call-target;prologue
0x40fb00,0x40fb38,0x40fb40,56,20,7,2,call-target;prologue
0x40fb40,0x40fb6b,0x40fb70,43,16,7,2,call-target;prologue
0x40fb70,0x40fba9,0x40fbb0,57,22,7,2,call-target;prologue
0x40fbb0,0x40fc4e,0x40fc50,158,47,7,2,call-target;prologue
0x40fc50,0x40fc62,0x40fc70,18,9,7,2,call-target;prologue
0x40fc70,0x41034e,0x410350,1758,426,4,14,prologue
0x410350,0x4109fa,0x410a00,1706,415,4,14,prologue
0x410a00,0x410ef4,0x410f00,1268,324,4,8,prologue
0x410f00,0x410f2c,0x410f30,44,18,7,2,call-target;prologue
0x410f30,0x410f98,0x410fa0,104,29,7,2,call-target;prologue
0x410fa0,0x410fb6,0x410fc0,22,10,7,2,call-target;prologue
0x410fc0,0x410fd8,0x410fe0,24,10,4,2,prologue
0x410fe0,0x410ff6,0x411000,22,10,7,2,call-target;prologue
0x411000,0x4110b7,0x4110c0,183,48,7,3,call-target;prologue
0x4110c0,0x4110e5,0x4110f0,37,15,7,3,call-target;prologue
0x4110f0,0x411106,0x411110,22,10,7,2,call-target;prologue
0x411110,0x4113fa,0x411400,746,198,7,14,call-target;prologue
0x411400,0x4114fa,0x411500,250,94,7,2,call-target;prologue
0x411500,0x4115bf,0x4115c0,191,67,7,2,call-target;prologue
0x4115c0,0x4116e2,0x4116f0,290,97,7,5,call-target;prologue
0x4116f0,0x411bac,0x411bb0,1212,414,7,5,call-target;prologue
0x411bb0,0x411bd6,0x411be0,38,16,7,2,call-target;prologue
0x411be0,0x411c01,0x411c10,33,14,7,2,call-target;prologue
0x411c10,0x411c29,0x411c30,25,11,7,2,call-target;prologue
0x411c30,0x411c68,0x411c70,56,19,7,2,call-target;prologue
0x411c70,0x411c83,0x411c90,19,9,7,2,call-target;prologue
0x411c90,0x411cba,0x411cc0,42,17,7,2,call-target;prologue
0x411cc0,0x411cdf,0x411ce0,31,13,7,2,call-target;prologue
0x411ce0,0x411cf1,0x411d00,17,9,7,2,call-target;prologue
0x411d00,0x411d28,0x411d30,40,17,7,2,call-target;prologue
0x411d30,0x411d5a,0x411d60,42,17,7,2,call-target;prologue
0x411d60,0x411df9,0x411e00,153,55,7,5,call-target;prologue
0x411e00,0x411e13,0x411e20,19,9,7,2,call-target;prologue
0x411e20,0x411e4a,0x411e50,42,16,7,2,call-target;prologue
0x411e50,0x411e71,0x411e80,33,15,7,2,call-target;prologue
0x411e80,0x411e88,0x411e90,8,5,7,2,call-target;prologue
0x411e90,0x411e9b,0x411ea0,11,6,7,2,call-target;prologue
0x411ea0,0x411f13,0x411f20,115,42,7,2,call-target;prologue
0x411f20,0x411fda,0x411fe0,186,69,7,3,call-target;prologue
0x411fe0,0x4120bf,0x4120c0,223,76,7,5,call-target;prologue
0x4120c0,0x412124,0x412130,100,35,7,2,call-target;prologue
0x412130,0x412165,0x412170,53,20,7,2,call-target;prologue
0x412170,0x41217e,0x412180,14,8,7,2,call-target;prologue
0x412180,0x412199,0x4121a0,25,11,7,2,call-target;prologue
0x4121a0,0x4121b9,0x4121c0,25,11,7,2,call-target;prologue
0x4121c0,0x4121dc,0x4121e0,28,12,7,2,call-target;prologue
0x4121e0,0x4121f3,0x412200,19,9,7,2,call-target;prologue
0x412200,0x412216,0x412220,22,10,7,2,call-target;prologue
0x412220,0x41223c,0x412240,28,14,7,2,call-target;prologue
0x412240,0x4122fd,0x412300,189,63,7,6,call-target;prologue
0x412300,0x412305,0x412310,5,4,7,2,call-target;prologue
0x412310,0x41238e,0x412390,126,37,7,3,call-target;prologue
0x412390,0x4123c5,0x4123d0,53,20,7,2,call-target;prologue
0x4123d0,0x4123e0,0x4123e0,16,8,7,1,call-target;prologue
0x4123e0,0x4123fb,0x412400,27,12,7,2,call-target;prologue
0x412400,0x41241d,0x412420,29,13,7,2,call-target;prologue
0x412420,0x412439,0x412440,25,11,7,2,call-target;prologue
0x412440,0x412458,0x412460,24,11,7,2,call-target;prologue
0x412460,0x412479,0x412480,25,12,7,2,call-target;prologue
0x412480,0x4124a3,0x4124b0,35,16,7,2,call-target;prologue
0x4124b0,0x4124c0,0x4124c0,16,9,7,1,call-target;prologue
0x4124c0,0x4124cb,0x4124d0,11,6,7,2,call-target;prologue
0x4124d0,0x4124e6,0x4124f0,22,10,7,2,call-target;prologue
0x4124f0,0x41250c,0x412510,28,12,7,2,call-target;prologue
0x412510,0x412545,0x412550,53,23,7,2,call-target;prologue
0x412550,0x41257c,0x412580,44,15,7,4,call-target;prologue
0x412580,0x412585,0x412590,5,4,7,2,call-target;prologue
0x412590,0x4125a0,0x4125a0,16,8,7,1,call-target;prologue
0x4125a0,0x4125b7,0x4125c0,23,9,7,2,call-target;prologue
0x4125c0,0x4125fa,0x412600,58,22,7,4,call-target;prologue
0x412600,0x412605,0x412610,5,4,7,2,call-target;prologue
0x412610,0x412620,0x412620,16,8,7,1,call-target;prologue
0x412620,0x412660,0x412660,64,13,7,1,call-target;prologue
0x412660,0x4126c0,0x4126c0,96,22,7,1,call-target;prologue
0x4126c0,0x412cb0,0x412cb0,1520,336,7,28,call-target;prologue
0x412cb0,0x412cbd,0x412cc0,13,6,7,2,call-target;prologue
0x412cc0,0x412ce7,0x412cf0,39,12,7,2,call-target;prologue
0x412cf0,0x412d82,0x412d90,146,30,7,4,call-target;prologue
0x412d90,0x412da1,0x412db0,17,8,7,2,call-target;prologue
0x412db0,0x412dcc,0x412dd0,28,12,7,2,call-target;prologue
0x412dd0,0x412e50,0x412e50,128,36,7,1,call-target;prologue
0x412e50,0x412ea3,0x412eb0,83,26,7,2,call-target;prologue
0x412eb0,0x413419,0x413420,1385,359,7,7,call-target;prologue
0x413420,0x413460,0x413460,64,22,7,1,call-target;prologue
0x413460,0x4135ee,0x4135f0,398,128,7,10,call-target;prologue
0x4135f0,0x413618,0x413620,40,16,4,2,prologue
0x413620,0x41364c,0x413650,44,17,7,3,call-target;prologue
0x413650,0x4136d4,0x4136e0,132,33,7,2,call-target;prologue
0x4136e0,0x413781,0x413790,161,42,7,3,call-target;prologue
0x413790,0x413871,0x413880,225,67,7,7,call-target;prologue
0x413880,0x4138c3,0x4138d0,67,19,7,2,call-target;prologue
0x4138d0,0x4138db,0x4138e0,11,7,4,2,prologue
0x4138e0,0x413a57,0x413a60,375,105,7,5,call-target;prologue
0x413a60,0x413ab5,0x413ac0,85,31,7,2,call-target;prologue
0x413ac0,0x413dd8,0x413de0,792,274,7,14,call-target;prologue
0x413de0,0x4142c4,0x4142d0,1252,379,7,16,call-target;prologue
0x4142d0,0x4142f3,0x414300,35,15,7,4,call-target;prologue
0x414300,0x414359,0x414360,89,31,7,6,call-target;prologue
0x414360,0x4143a8,0x4143b0,72,21,7,2,call-target;prologue
0x4143b0,0x4143c3,0x4143d0,19,9,7,2,call-target;prologue
0x4143d0,0x4143f3,0x414400,35,15,7,2,call-target;prologue
0x414400,0x414429,0x414430,41,17,7,2,call-target;prologue
0x414430,0x414441,0x414450,17,9,7,2,call-target;prologue
0x414450,0x414526,0x414530,214,76,7,5,call-target;prologue
0x414530,0x414543,0x414550,19,9,7,2,call-target;prologue
0x414550,0x414598,0x4145a0,72,21,7,2,call-target;prologue
0x4145a0,0x4145b3,0x4145c0,19,9,7,2,call-target;prologue
0x4145c0,0x4145e3,0x4145f0,35,15,7,2,call-target;prologue
0x4145f0,0x414619,0x414620,41,17,7,2,call-target;prologue
0x414620,0x414631,0x414640,17,9,7,2,call-target;prologue
0x414640,0x414719,0x414720,217,77,7,5,call-target;prologue
0x414720,0x414733,0x414740,19,9,7,2,call-target;prologue
0x414740,0x414788,0x414790,72,21,7,2,call-target;prologue
0x414790,0x4147a3,0x4147b0,19,9,7,2,call-target;prologue
0x4147b0,0x4147d3,0x4147e0,35,15,7,2,call-target;prologue
0x4147e0,0x414809,0x414810,41,17,7,2,call-target;prologue
0x414810,0x414821,0x414830,17,9,7,2,call-target;prologue
0x414830,0x414909,0x414910,217,77,7,5,call-target;prologue
0x414910,0x414923,0x414930,19,9,7,2,call-target;prologue
0x414930,0x414946,0x414950,22,10,7,2,call-target;prologue
0x414950,0x414963,0x414970,19,9,7,2,call-target;prologue
0x414970,0x4149a6,0x4149b0,54,20,7,2,call-target;prologue
0x4149b0,0x4149d1,0x4149e0,33,15,7,2,call-target;prologue
0x4149e0,0x4149f6,0x414a00,22,10,7,2,call-target;prologue
0x414a00,0x414a13,0x414a20,19,9,7,2,call-target;prologue
0x414a20,0x414a56,0x414a60,54,20,7,2,call-target;prologue
0x414a60,0x414a81,0x414a90,33,15,7,2,call-target;prologue
0x414a90,0x414aa6,0x414ab0,22,10,7,2,call-target;prologue
0x414ab0,0x414ac3,0x414ad0,19,9,7,2,call-target;prologue
0x414ad0,0x414b06,0x414b10,54,20,7,2,call-target;prologue
0x414b10,0x414b31,0x414b40,33,15,7,2,call-target;prologue
0x414b40,0x414d48,0x414d50,520,186,7,8,call-target;prologue
0x414d50,0x414e01,0x414e10,177,60,7,8,call-target;prologue
0x414e10,0x414e45,0x414e50,53,20,7,2,call-target;prologue
0x414e50,0x414e5e,0x414e60,14,8,7,2,call-target;prologue
0x414e60,0x414e7b,0x414e80,27,12,7,2,call-target;prologue
0x414e80,0x414e9d,0x414ea0,29,13,7,2,call-target;prologue
0x414ea0,0x4150a8,0x4150b0,520,186,7,8,call-target;prologue
0x4150b0,0x415161,0x415170,177,60,7,8,call-target;prologue
0x415170,0x4151a5,0x4151b0,53,20,7,2,call-target;prologue
0x4151b0,0x4151be,0x4151c0,14,8,7,2,call-target;prologue
0x4151c0,0x4151db,0x4151e0,27,12,7,2,call-target;prologue
0x4151e0,0x4151fd,0x415200,29,13,7,2,call-target;prologue
0x415200,0x415408,0x415410,520,186,7,8,call-target;prologue
0x415410,0x4154c1,0x4154d0,177,60,7,8,call-target;prologue
0x4154d0,0x415505,0x415510,53,20,7,2,call-target;prologue
0x415510,0x41551e,0x415520,14,8,7,2,call-target;prologue
0x415520,0x41553b,0x415540,27,12,7,2,call-target;prologue
0x415540,0x41555d,0x415560,29,13,7,2,call-target;prologue
0x415560,0x415580,0x415580,32,14,7,1,call-target;prologue
0x415580,0x41559d,0x4155a0,29,13,7,2,call-target;prologue
0x4155a0,0x4155c1,0x4155d0,33,12,7,2,call-target;prologue
0x4155d0,0x415626,0x415630,86,33,7,3,call-target;prologue
0x415630,0x41566c,0x415670,60,21,7,4,call-target;prologue
0x415670,0x415690,0x415690,32,14,7,1,call-target;prologue
0x415690,0x4156ad,0x4156b0,29,13,7,2,call-target;prologue
0x4156b0,0x4156d1,0x4156e0,33,12,7,2,call-target;prologue
0x4156e0,0x415739,0x415740,89,34,7,3,call-target;prologue
0x415740,0x41577c,0x415780,60,21,7,4,call-target;prologue
0x415780,0x4157a0,0x4157a0,32,14,7,1,call-target;prologue
0x4157a0,0x4157bd,0x4157c0,29,13,7,2,call-target;prologue
0x4157c0,0x4157e1,0x4157f0,33,12,7,2,call-target;prologue
0x4157f0,0x415849,0x415850,89,34,7,3,call-target;prologue
0x415850,0x41588c,0x415890,60,21,7,4,call-target;prologue
0x415890,0x4158a6,0x4158b0,22,10,7,2,call-target;prologue
0x4158b0,0x4158c9,0x4158d0,25,12,7,2,call-target;prologue
0x4158d0,0x415967,0x415970,151,53,7,4,call-target;prologue
0x415970,0x4159ca,0x4159d0,90,26,7,2,call-target;prologue
0x4159d0,0x4159ec,0x4159f0,28,12,7,2,call-target;prologue
0x4159f0,0x415a00,0x415a00,16,8,7,1,call-target;prologue
0x415a00,0x415a19,0x415a20,25,11,7,2,call-target;prologue
0x415a20,0x415a39,0x415a40,25,11,7,2,call-target;prologue
0x415a40,0x415a5b,0x415a60,27,12,7,2,call-target;prologue
0x415a60,0x415a79,0x415a80,25,11,7,2,call-target;prologue
0x415a80,0x415a96,0x415aa0,22,10,7,2,call-target;prologue
0x415aa0,0x415ab9,0x415ac0,25,12,7,2,call-target;prologue
0x415ac0,0x415b5a,0x415b60,154,54,7,4,call-target;prologue
0x415b60,0x415bba,0x415bc0,90,26,7,2,call-target;prologue
0x415bc0,0x415bdc,0x415be0,28,12,7,2,call-target;prologue
0x415be0,0x415bf0,0x415bf0,16,8,7,1,call-target;prologue
0x415bf0,0x415c09,0x415c10,25,11,7,2,call-target;prologue
0x415c10,0x415c29,0x415c30,25,11,7,2,call-target;prologue
0x415c30,0x415c4b,0x415c50,27,12,7,2,call-target;prologue
0x415c50,0x415c69,0x415c70,25,11,7,2,call-target;prologue
0x415c70,0x415c86,0x415c90,22,10,7,2,call-target;prologue
0x415c90,0x415ca9,0x415cb0,25,12,7,2,call-target;prologue
0x415cb0,0x415d4a,0x415d50,154,54,7,4,call-target;prologue
0x415d50,0x415daa,0x415db0,90,26,7,2,call-target;prologue
0x415db0,0x415dcc,0x415dd0,28,12,7,2,call-target;prologue
0x415dd0,0x415de0,0x415de0,16,8,7,1,call-target;prologue
0x415de0,0x415df9,0x415e00,25,11,7,2,call-target;prologue
0x415e00,0x415e19,0x415e20,25,11,7,2,call-target;prologue
0x415e20,0x415e3b,0x415e40,27,12,7,2,call-target;prologue
0x415e40,0x415e59,0x415e60,25,11,7,2,call-target;prologue
0x415e60,0x415e81,0x415e90,33,14,7,2,call-target;prologue
0x415e90,0x415eb1,0x415ec0,33,14,7,2,call-target;prologue
0x415ec0,0x415ee1,0x415ef0,33,14,7,2,call-target;prologue
0x415ef0,0x415f09,0x415f10,25,11,7,2,call-target;prologue
0x415f10,0x415f3c,0x415f40,44,15,7,4,call-target;prologue
0x415f40,0x415f59,0x415f60,25,11,7,2,call-target;prologue
0x415f60,0x415f8c,0x415f90,44,15,7,4,call-target;prologue
0x415f90,0x415fa9,0x415fb0,25,11,7,2,call-target;prologue
0x415fb0,0x415fdc,0x415fe0,44,15,7,4,call-target;prologue
0x415fe0,0x416017,0x416020,55,25,7,2,call-target;prologue
0x416020,0x416057,0x416060,55,25,7,2,call-target;prologue
0x416060,0x416093,0x4160a0,51,23,7,2,call-target;prologue
0x4160a0,0x4160b1,0x4160c0,17,8,7,2,call-target;prologue
0x4160c0,0x4160fa,0x416100,58,22,7,4,call-target;prologue
0x416100,0x416137,0x416140,55,25,7,2,call-target;prologue
0x416140,0x416177,0x416180,55,25,7,2,call-target;prologue
0x416180,0x4161b3,0x4161c0,51,23,7,2,call-target;prologue
0x4161c0,0x4161d3,0x4161e0,19,9,7,2,call-target;prologue
0x4161e0,0x41621c,0x416220,60,22,7,4,call-target;prologue
0x416220,0x416257,0x416260,55,25,7,2,call-target;prologue
0x416260,0x416297,0x4162a0,55,25,7,2,call-target;prologue
0x4162a0,0x4162d3,0x4162e0,51,23,7,2,call-target;prologue
0x4162e0,0x4162f4,0x416300,20,9,7,2,call-target;prologue
0x416300,0x41633a,0x416340,58,22,7,4,call-target;prologue
0x416340,0x416350,0x416350,16,8,7,1,call-target;prologue
0x416350,0x416364,0x416370,20,9,7,2,call-target;prologue
0x416370,0x416375,0x416380,5,4,7,2,call-target;prologue
0x416380,0x416390,0x416390,16,8,7,1,call-target;prologue
0x416390,0x4163a4,0x4163b0,20,9,7,2,call-target;prologue
0x4163b0,0x4163b5,0x4163c0,5,4,7,2,call-target;prologue
0x4163c0,0x4163d0,0x4163d0,16,8,7,1,call-target;prologue
0x4163d0,0x4163e4,0x4163f0,20,9,7,2,call-target;prologue
0x4163f0,0x4163f5,0x416400,5,4,7,2,call-target;prologue
0x416400,0x416405,0x416410,5,4,7,2,call-target;prologue
0x416410,0x416415,0x416420,5,4,7,2,call-target;prologue
0x416420,0x416425,0x416430,5,4,7,2,call-target;prologue
0x416430,0x41643b,0x416440,11,7,7,2,call-target;prologue
0x416440,0x416471,0x416480,49,21,7,2,call-target;prologue
0x416480,0x416499,0x4164a0,25,12,7,2,call-target;prologue
0x4164a0,0x4164a5,0x4164b0,5,4,7,2,call-target;prologue
0x4164b0,0x4164bb,0x4164c0,11,7,7,2,call-target;prologue
0x4164c0,0x4164f1,0x416500,49,21,7,2,call-target;prologue
0x416500,0x416519,0x416520,25,12,7,2,call-target;prologue
0x416520,0x416525,0x416530,5,4,7,2,call-target;prologue
0x416530,0x41653b,0x416540,11,7,7,2,call-target;prologue
0x416540,0x416571,0x416580,49,21,7,2,call-target;prologue
0x416580,0x416599,0x4165a0,25,12,7,2,call-target;prologue
0x4165a0,0x4165a5,0x4165b0,5,4,7,2,call-target;prologue
0x4165b0,0x4165db,0x4165e0,43,18,7,5,call-target;prologue
0x4165e0,0x41660b,0x416610,43,18,7,5,call-target;prologue
0x416610,0x41663b,0x416640,43,18,7,5,call-target;prologue
0x416640,0x4169ce,0x4169d0,910,223,7,14,call-target;prologue
0x4169d0,0x4169db,0x4169e0,11,7,7,2,call-target;prologue
0x4169e0,0x416b09,0x416b10,297,97,7,9,call-target;prologue
0x416b10,0x416cd8,0x416ce0,456,154,7,12,call-target;prologue
0x416ce0,0x416d4c,0x416d50,108,39,7,6,call-target;prologue
0x416d50,0x416dbf,0x416dc0,111,39,4,6,prologue
0x416dc0,0x416e1d,0x416e20,93,35,7,6,call-target;prologue
0x416e20,0x416e74,0x416e80,84,25,7,2,call-target;prologue
0x416e80,0x416ed5,0x416ee0,85,25,7,2,call-target;prologue
0x416ee0,0x416ff9,0x417000,281,85,7,10,call-target;prologue
0x417000,0x4170a8,0x4170b0,168,58,7,8,call-target;prologue
0x4170b0,0x4170cb,0x4170d0,27,14,7,2,call-target;prologue
0x4170d0,0x417111,0x417120,65,24,7,2,call-target;prologue
0x417120,0x41713f,0x417140,31,12,7,2,call-target;prologue
0x417140,0x41715c,0x417160,28,12,7,2,call-target;prologue
0x417160,0x4171c2,0x4171d0,98,30,4,2,prologue
0x4171d0,0x417202,0x417210,50,22,7,3,call-target;prologue
0x417210,0x417423,0x417430,531,92,7,3,call-target;prologue
0x417430,0x417596,0x4175a0,358,99,7,14,call-target;prologue
0x4175a0,0x4176ee,0x4176f0,334,84,7,8,call-target;prologue
0x4176f0,0x418390,0x4192f0,3232,678,7,226,call-target;prologue
0x4192f0,0x419443,0x419450,339,116,7,4,call-target;prologue
0x419450,0x4195a3,0x4195b0,339,116,7,4,call-target;prologue
0x4195b0,0x419920,0x419920,880,163,7,6,call-target;prologue
0x419920,0x419ca8,0x419cb0,904,163,7,6,call-target;prologue
0x419cb0,0x419dee,0x419df0,318,94,7,12,call-target;prologue
0x419df0,0x419e0b,0x419e10,27,10,7,2,call-target;prologue
0x419e10,0x41a0af,0x41a0e0,671,202,7,22,call-target;prologue
0x41a0e0,0x41a10f,0x41a110,47,17,7,4,call-target;prologue
0x41a110,0x41a13c,0x41a140,44,17,7,3,call-target;prologue
0x41a140,0x41a16c,0x41a170,44,17,7,3,call-target;prologue
0x41a170,0x41a19c,0x41a1a0,44,17,7,3,call-target;prologue
0x41a1a0,0x41a1c5,0x41a1d0,37,13,7,2,call-target;prologue
0x41a1d0,0x41a23d,0x41a240,109,27,7,3,call-target;prologue
0x41a240,0x41a270,0x41a270,48,15,7,1,call-target;prologue
0x41a270,0x41a2ca,0x41a2d0,90,24,7,2,call-target;prologue
0x41a2d0,0x41a309,0x41a310,57,18,7,2,call-target;prologue
0x41a310,0x41a379,0x41a380,105,34,4,4,prologue
0x41a380,0x41a3cb,0x41a3d0,75,28,7,4,call-target;prologue
0x41a3d0,0x41b277,0x41b2b0,3751,1001,7,81,call-target;prologue
0x41b2b0,0x41b3f6,0x41b400,326,114,7,5,call-target;prologue
0x41b400,0x41b967,0x41bf90,1383,382,7,83,call-target;prologue
0x41bf90,0x41bfd0,0x41bfd0,64,19,7,1,call-target;prologue
0x41bfd0,0x41c051,0x41c060,129,41,7,3,call-target;prologue
0x41c060,0x41c0c3,0x41c0d0,99,38,7,2,call-target;prologue
0x41c0d0,0x41c123,0x41c130,83,31,7,2,call-target;prologue
0x41c130,0x41c1a7,0x41c1b0,119,39,7,3,call-target;prologue
0x41c1b0,0x41c2dd,0x41c2e0,301,102,7,6,call-target;prologue
0x41c2e0,0x41c9c6,0x41c9d0,1766,551,7,46,call-target;prologue
0x41c9d0,0x41ca25,0x41ca30,85,33,7,4,call-target;prologue
0x41ca30,0x41ca7d,0x41ca80,77,28,7,7,call-target;prologue
0x41ca80,0x41cae0,0x41cae0,96,35,7,5,call-target;prologue
0x41cae0,0x41cb32,0x41cb40,82,24,7,5,call-target;prologue
0x41cb40,0x41cb6b,0x41cb70,43,14,7,2,call-target;prologue
0x41cb70,0x41cba1,0x41cbb0,49,15,7,2,call-target;prologue
0x41cbb0,0x41cbf9,0x41cc00,73,27,7,4,call-target;prologue
0x41cc00,0x41cc43,0x41cc50,67,23,7,2,call-target;prologue
0x41cc50,0x41ccc3,0x41ccd0,115,42,7,4,call-target;prologue
0x41ccd0,0x41cd68,0x41cd70,152,53,4,4,prologue
0x41cd70,0x41ce0d,0x41ce10,157,54,4,4,prologue
0x41ce10,0x41ce48,0x41ce50,56,17,7,3,call-target;prologue
0x41ce50,0x41cefb,0x41cf00,171,51,7,8,call-target;prologue
0x41cf00,0x41cf71,0x41cf80,113,40,7,8,call-target;prologue
0x41cf80,0x41d075,0x41d080,245,69,7,4,call-target;prologue
0x41d080,0x41d188,0x41d190,264,89,4,8,prologue
0x41d190,0x41d1ea,0x41d1f0,90,25,7,2,call-target;prologue
0x41d1f0,0x41d252,0x41d260,98,29,7,3,call-target;prologue
0x41d260,0x41d50e,0x41d510,686,228,4,12,prologue
0x41d510,0x41d6bd,0x41d6c0,429,130,7,11,call-target;prologue
0x41d6c0,0x41d745,0x41d750,133,44,4,4,prologue
0x41d750,0x41d7f4,0x41d800,164,61,7,7,call-target;prologue
0x41d800,0x41d8b4,0x41d8c0,180,66,7,7,call-target;prologue
0x41d8c0,0x41d8ec,0x41d8f0,44,17,7,3,call-target;prologue
0x41d8f0,0x41d928,0x41d930,56,19,7,2,call-target;prologue
0x41d930,0x41d943,0x41d950,19,9,7,2,call-target;prologue
0x41d950,0x41d97a,0x41d980,42,17,7,2,call-target;prologue
0x41d980,0x41d99f,0x41d9a0,31,13,7,2,call-target;prologue
0x41d9a0,0x41d9b1,0x41d9c0,17,9,7,2,call-target;prologue
0x41d9c0,0x41d9ea,0x41d9f0,42,17,7,2,call-target;prologue
0x41d9f0,0x41da89,0x41da90,153,55,7,5,call-target;prologue
0x41da90,0x41dab3,0x41dac0,35,15,7,2,call-target;prologue
0x41dac0,0x41dae9,0x41daf0,41,17,7,2,call-target;prologue
0x41daf0,0x41db34,0x41db40,68,25,7,3,call-target;prologue
0x41db40,0x41db71,0x41db80,49,19,7,2,call-target;prologue
0x41db80,0x41dbad,0x41dbb0,45,18,7,2,call-target;prologue
0x41dbb0,0x41dc89,0x41dc90,217,77,7,5,call-target;prologue
0x41dc90,0x41dccb,0x41dcd0,59,25,7,2,call-target;prologue
0x41dcd0,0x41dce3,0x41dcf0,19,9,7,2,call-target;prologue
0x41dcf0,0x41dd13,0x41dd20,35,15,7,2,call-target;prologue
0x41dd20,0x41dd49,0x41dd50,41,17,7,2,call-target;prologue
0x41dd50,0x41dd61,0x41dd70,17,9,7,2,call-target;prologue
0x41dd70,0x41ddb4,0x41ddc0,68,25,7,3,call-target;prologue
0x41ddc0,0x41ddf1,0x41de00,49,19,7,2,call-target;prologue
0x41de00,0x41de2d,0x41de30,45,18,7,2,call-target;prologue
0x41de30,0x41df09,0x41df10,217,77,7,5,call-target;prologue
0x41df10,0x41df4b,0x41df50,59,25,7,2,call-target;prologue
0x41df50,0x41df63,0x41df70,19,9,7,2,call-target;prologue
0x41df70,0x41df83,0x41df90,19,9,7,2,call-target;prologue
0x41df90,0x41dfc6,0x41dfd0,54,20,7,2,call-target;prologue
0x41dfd0,0x41dff1,0x41e000,33,15,7,2,call-target;prologue
0x41e000,0x41e013,0x41e020,19,9,7,2,call-target;prologue
0x41e020,0x41e056,0x41e060,54,20,7,2,call-target;prologue
0x41e060,0x41e073,0x41e080,19,9,7,2,call-target;prologue
0x41e080,0x41e0aa,0x41e0b0,42,16,7,2,call-target;prologue
0x41e0b0,0x41e0cc,0x41e0d0,28,14,7,2,call-target;prologue
0x41e0d0,0x41e0f1,0x41e100,33,15,7,2,call-target;prologue
0x41e100,0x41e108,0x41e110,8,5,7,2,call-target;prologue
0x41e110,0x41e11b,0x41e120,11,6,7,2,call-target;prologue
0x41e120,0x41e193,0x41e1a0,115,42,7,2,call-target;prologue
0x41e1a0,0x41e27f,0x41e280,223,76,7,5,call-target;prologue
0x41e280,0x41e2e4,0x41e2f0,100,35,7,2,call-target;prologue
0x41e2f0,0x41e325,0x41e330,53,20,7,2,call-target;prologue
0x41e330,0x41e33e,0x41e340,14,8,7,2,call-target;prologue
0x41e340,0x41e359,0x41e360,25,11,7,2,call-target;prologue
0x41e360,0x41e379,0x41e380,25,11,7,2,call-target;prologue
0x41e380,0x41e486,0x41e490,262,100,7,9,call-target;prologue
0x41e490,0x41e4ea,0x41e4f0,90,26,7,2,call-target;prologue
0x41e4f0,0x41e6f8,0x41e700,520,186,7,8,call-target;prologue
0x41e700,0x41e7b1,0x41e7c0,177,60,7,8,call-target;prologue
0x41e7c0,0x41e7db,0x41e7e0,27,12,7,2,call-target;prologue
0x41e7e0,0x41e7fd,0x41e800,29,13,7,2,call-target;prologue
0x41e800,0x41e906,0x41e910,262,100,7,9,call-target;prologue
0x41e910,0x41e96a,0x41e970,90,26,7,2,call-target;prologue
0x41e970,0x41eb78,0x41eb80,520,186,7,8,call-target;prologue
0x41eb80,0x41ec31,0x41ec40,177,60,7,8,call-target;prologue
0x41ec40,0x41ec5b,0x41ec60,27,12,7,2,call-target;prologue
0x41ec60,0x41ec7d,0x41ec80,29,13,7,2,call-target;prologue
0x41ec80,0x41eca0,0x41eca0,32,14,7,1,call-target;prologue
0x41eca0,0x41ecbd,0x41ecc0,29,13,7,2,call-target;prologue
0x41ecc0,0x41ecf9,0x41ed00,57,22,7,2,call-target;prologue
0x41ed00,0x41ed39,0x41ed40,57,22,7,2,call-target;prologue
0x41ed40,0x41ed99,0x41eda0,89,34,7,3,call-target;prologue
0x41eda0,0x41eddc,0x41ede0,60,21,7,4,call-target;prologue
0x41ede0,0x41ee00,0x41ee00,32,14,7,1,call-target;prologue
0x41ee00,0x41ee1d,0x41ee20,29,13,7,2,call-target;prologue
0x41ee20,0x41ee59,0x41ee60,57,22,7,2,call-target;prologue
0x41ee60,0x41ee99,0x41eea0,57,22,7,2,call-target;prologue
0x41eea0,0x41eef9,0x41ef00,89,34,7,3,call-target;prologue
0x41ef00,0x41ef1c,0x41ef20,28,12,7,2,call-target;prologue
0x41ef20,0x41ef33,0x41ef40,19,9,7,2,call-target;prologue
0x41ef40,0x41ef56,0x41ef60,22,10,7,2,call-target;prologue
0x41ef60,0x41f01a,0x41f020,186,63,7,6,call-target;prologue
0x41f020,0x41f09e,0x41f0a0,126,37,7,3,call-target;prologue
0x41f0a0,0x41f0d5,0x41f0e0,53,20,7,2,call-target;prologue
0x41f0e0,0x41f0f0,0x41f0f0,16,8,7,1,call-target;prologue
0x41f0f0,0x41f10b,0x41f110,27,12,7,2,call-target;prologue
0x41f110,0x41f12d,0x41f130,29,13,7,2,call-target;prologue
0x41f130,0x41f149,0x41f150,25,11,7,2,call-target;prologue
0x41f150,0x41f166,0x41f170,22,10,7,2,call-target;prologue
0x41f170,0x41f189,0x41f190,25,12,7,2,call-target;prologue
0x41f190,0x41f234,0x41f240,164,55,7,4,call-target;prologue
0x41f240,0x41f2da,0x41f2e0,154,54,7,4,call-target;prologue
0x41f2e0,0x41f33a,0x41f340,90,26,7,2,call-target;prologue
0x41f340,0x41f359,0x41f360,25,11,7,2,call-target;prologue
0x41f360,0x41f379,0x41f380,25,11,7,2,call-target;prologue
0x41f380,0x41f39b,0x41f3a0,27,12,7,2,call-target;prologue
0x41f3a0,0x41f3b9,0x41f3c0,25,11,7,2,call-target;prologue
0x41f3c0,0x41f3d6,0x41f3e0,22,10,7,2,call-target;prologue
0x41f3e0,0x41f3f9,0x41f400,25,12,7,2,call-target;prologue
0x41f400,0x41f4a4,0x41f4b0,164,55,7,4,call-target;prologue
0x41f4b0,0x41f54a,0x41f550,154,54,7,4,call-target;prologue
0x41f550,0x41f5aa,0x41f5b0,90,26,7,2,call-target;prologue
0x41f5b0,0x41f5c9,0x41f5d0,25,11,7,2,call-target;prologue
0x41f5d0,0x41f5e9,0x41f5f0,25,11,7,2,call-target;prologue
0x41f5f0,0x41f60b,0x41f610,27,12,7,2,call-target;prologue
0x41f610,0x41f629,0x41f630,25,11,7,2,call-target;prologue
0x41f630,0x41f64f,0x41f650,31,13,7,2,call-target;prologue
0x41f650,0x41f66b,0x41f670,27,12,7,2,call-target;prologue
0x41f670,0x41f699,0x41f6a0,41,16,7,2,call-target;prologue
0x41f6a0,0x41f6c1,0x41f6d0,33,14,7,2,call-target;prologue
0x41f6d0,0x41f6ef,0x41f6f0,31,13,7,2,call-target;prologue
0x41f6f0,0x41f70b,0x41f710,27,12,7,2,call-target;prologue
0x41f710,0x41f739,0x41f740,41,16,7,2,call-target;prologue
0x41f740,0x41f761,0x41f770,33,14,7,2,call-target;prologue
0x41f770,0x41f788,0x41f790,24,11,7,2,call-target;prologue
0x41f790,0x41f7a9,0x41f7b0,25,12,7,2,call-target;prologue
0x41f7b0,0x41f7d3,0x41f7e0,35,16,7,2,call-target;prologue
0x41f7e0,0x41f7f0,0x41f7f0,16,9,7,1,call-target;prologue
0x41f7f0,0x41f7fb,0x41f800,11,6,7,2,call-target;prologue
0x41f800,0x41f816,0x41f820,22,10,7,2,call-target;prologue
0x41f820,0x41f83c,0x41f840,28,12,7,2,call-target;prologue
0x41f840,0x41f859,0x41f860,25,11,7,2,call-target;prologue
0x41f860,0x41f88c,0x41f890,44,15,7,4,call-target;prologue
0x41f890,0x41f8a9,0x41f8b0,25,11,7,2,call-target;prologue
0x41f8b0,0x41f8dc,0x41f8e0,44,15,7,4,call-target;prologue
0x41f8e0,0x41f922,0x41f930,66,25,7,4,call-target;prologue
0x41f930,0x41f972,0x41f980,66,25,7,4,call-target;prologue
0x41f980,0x41f9b5,0x41f9c0,53,23,7,2,call-target;prologue
0x41f9c0,0x41f9ec,0x41f9f0,44,15,7,4,call-target;prologue
0x41f9f0,0x41f9f5,0x41fa00,5,4,7,2,call-target;prologue
0x41fa00,0x41fa46,0x41fa50,70,32,7,2,call-target;prologue
0x41fa50,0x41fa96,0x41faa0,70,32,7,2,call-target;prologue
0x41faa0,0x41fad7,0x41fae0,55,25,7,2,call-target;prologue
0x41fae0,0x41fb17,0x41fb20,55,25,7,2,call-target;prologue
0x41fb20,0x41fb53,0x41fb60,51,23,7,2,call-target;prologue
0x41fb60,0x41fb74,0x41fb80,20,9,7,2,call-target;prologue
0x41fb80,0x41fbba,0x41fbc0,58,22,7,4,call-target;prologue
0x41fbc0,0x41fc06,0x41fc10,70,32,7,2,call-target;prologue
0x41fc10,0x41fc56,0x41fc60,70,32,7,2,call-target;prologue
0x41fc60,0x41fc97,0x41fca0,55,25,7,2,call-target;prologue
0x41fca0,0x41fcd7,0x41fce0,55,25,7,2,call-target;prologue
0x41fce0,0x41fd13,0x41fd20,51,23,7,2,call-target;prologue
0x41fd20,0x41fd34,0x41fd40,20,9,7,2,call-target;prologue
0x41fd40,0x41fd7a,0x41fd80,58,22,7,4,call-target;prologue
0x41fd80,0x41fd90,0x41fd90,16,8,7,1,call-target;prologue
0x41fd90,0x41fda4,0x41fdb0,20,9,7,2,call-target;prologue
0x41fdb0,0x41fdea,0x41fdf0,58,22,7,4,call-target;prologue
0x41fdf0,0x41fdf5,0x41fe00,5,4,7,2,call-target;prologue
0x41fe00,0x41fe14,0x41fe20,20,9,7,2,call-target;prologue
0x41fe20,0x41fe25,0x41fe30,5,4,7,2,call-target;prologue
0x41fe30,0x41fe44,0x41fe50,20,9,7,2,call-target;prologue
0x41fe50,0x41fe55,0x41fe60,5,4,7,2,call-target;prologue
0x41fe60,0x41fe70,0x41fe70,16,8,7,1,call-target;prologue
0x41fe70,0x41fe75,0x41fe80,5,4,7,2,call-target;prologue
0x41fe80,0x41fe85,0x41fe90,5,4,7,2,call-target;prologue
0x41fe90,0x41fe9b,0x41fea0,11,7,7,2,call-target;prologue
0x41fea0,0x41fef1,0x41ff00,81,31,7,4,call-target;prologue
0x41ff00,0x41ff55,0x41ff60,85,32,7,5,call-target;prologue
0x41ff60,0x41ff6b,0x41ff70,11,7,7,2,call-target;prologue
0x41ff70,0x41ffa1,0x41ffb0,49,21,7,2,call-target;prologue
0x41ffb0,0x41ffc9,0x41ffd0,25,12,7,2,call-target;prologue
0x41ffd0,0x41ffd5,0x41ffe0,5,4,7,2,call-target;prologue
0x41ffe0,0x41ffeb,0x41fff0,11,7,7,2,call-target;prologue
0x41fff0,0x420041,0x420050,81,31,7,4,call-target;prologue
0x420050,0x4200a5,0x4200b0,85,32,7,5,call-target;prologue
0x4200b0,0x4200bb,0x4200c0,11,7,7,2,call-target;prologue
0x4200c0,0x4200f1,0x420100,49,21,7,2,call-target;prologue
0x420100,0x420119,0x420120,25,12,7,2,call-target;prologue
0x420120,0x420125,0x420130,5,4,7,2,call-target;prologue
0x420130,0x42014d,0x420150,29,13,7,2,call-target;prologue
0x420150,0x42016d,0x420170,29,13,7,2,call-target;prologue
0x420170,0x420191,0x4201a0,33,15,7,2,call-target;prologue
0x4201a0,0x4201dc,0x4201e0,60,21,7,4,call-target;prologue
0x4201e0,0x42020b,0x420210,43,18,7,5,call-target;prologue
0x420210,0x42023b,0x420240,43,18,7,5,call-target;prologue
0x420240,0x420288,0x420290,72,21,7,2,call-target;prologue
0x420290,0x4202c5,0x4202d0,53,20,7,2,call-target;prologue
0x4202d0,0x4202de,0x4202e0,14,8,7,2,call-target;prologue
0x4202e0,0x4202fc,0x420300,28,12,7,2,call-target;prologue
0x420300,0x420310,0x420310,16,8,7,1,call-target;prologue
0x420310,0x420320,0x420320,16,8,7,1,call-target;prologue
0x420320,0x420368,0x420370,72,21,7,2,call-target;prologue
0x420370,0x4203a5,0x4203b0,53,20,7,2,call-target;prologue
0x4203b0,0x4203be,0x4203c0,14,8,7,2,call-target;prologue
0x4203c0,0x4203dc,0x4203e0,28,12,7,2,call-target;prologue
0x4203e0,0x4203f0,0x4203f0,16,8,7,1,call-target;prologue
0x4203f0,0x420400,0x420400,16,8,7,1,call-target;prologue
0x420400,0x420413,0x420420,19,9,7,2,call-target;prologue
0x420420,0x420433,0x420440,19,9,7,2,call-target;prologue
0x420440,0x4204c2,0x4204d0,130,34,7,5,call-target;prologue
0x4204d0,0x420524,0x420530,84,22,7,2,call-target;prologue
0x420530,0x420565,0x420570,53,19,7,2,call-target;prologue
0x420570,0x4205a7,0x4205b0,55,19,7,2,call-target;prologue
0x4205b0,0x4205e6,0x4205f0,54,19,7,2,call-target;prologue
0x4205f0,0x4206c9,0x4206d0,217,76,7,7,call-target;prologue
0x4206d0,0x420872,0x420880,418,140,7,11,call-target;prologue
0x420880,0x42117d,0x421220,2301,633,7,44,call-target;prologue
0x421220,0x42124b,0x421250,43,17,7,3,call-target;prologue
0x421250,0x42129b,0x4212a0,75,21,7,2,call-target;prologue
0x4212a0,0x4212e8,0x4212f0,72,20,7,2,call-target;prologue
0x4212f0,0x421338,0x421340,72,21,7,2,call-target;prologue
0x421340,0x421353,0x421360,19,9,7,2,call-target;prologue
0x421360,0x4213a4,0x4213b0,68,25,7,3,call-target;prologue
0x4213b0,0x4213dd,0x4213e0,45,18,7,2,call-target;prologue
0x4213e0,0x4214b7,0x4214c0,215,77,7,5,call-target;prologue
0x4214c0,0x4214d3,0x4214e0,19,9,7,2,call-target;prologue
0x4214e0,0x421528,0x421530,72,21,7,2,call-target;prologue
0x421530,0x421543,0x421550,19,9,7,2,call-target;prologue
0x421550,0x421561,0x421570,17,9,7,2,call-target;prologue
0x421570,0x4215b4,0x4215c0,68,25,7,3,call-target;prologue
0x4215c0,0x4215ed,0x4215f0,45,18,7,2,call-target;prologue
0x4215f0,0x4216c3,0x4216d0,211,75,7,5,call-target;prologue
0x4216d0,0x4216e3,0x4216f0,19,9,7,2,call-target;prologue
0x4216f0,0x421713,0x421720,35,15,7,2,call-target;prologue
0x421720,0x421749,0x421750,41,17,7,2,call-target;prologue
0x421750,0x4217aa,0x4217b0,90,26,7,2,call-target;prologue
0x4217b0,0x4219b5,0x4219c0,517,186,7,8,call-target;prologue
0x4219c0,0x421a71,0x421a80,177,60,7,8,call-target;prologue
0x421a80,0x421ab5,0x421ac0,53,20,7,2,call-target;prologue
0x421ac0,0x421ace,0x421ad0,14,8,7,2,call-target;prologue
0x421ad0,0x421aeb,0x421af0,27,12,7,2,call-target;prologue
0x421af0,0x421b0d,0x421b10,29,13,7,2,call-target;prologue
0x421b10,0x421b33,0x421b40,35,15,7,2,call-target;prologue
0x421b40,0x421b69,0x421b70,41,17,7,2,call-target;prologue
0x421b70,0x421bca,0x421bd0,90,26,7,2,call-target;prologue
0x421bd0,0x421dcf,0x421dd0,511,183,7,8,call-target;prologue
0x421dd0,0x421e81,0x421e90,177,60,7,8,call-target;prologue
0x421e90,0x421ec5,0x421ed0,53,20,7,2,call-target;prologue
0x421ed0,0x421ede,0x421ee0,14,8,7,2,call-target;prologue
0x421ee0,0x421efb,0x421f00,27,12,7,2,call-target;prologue
0x421f00,0x421f1d,0x421f20,29,13,7,2,call-target;prologue
0x421f20,0x421f33,0x421f40,19,9,7,2,call-target;prologue
0x421f40,0x421f79,0x421f80,57,22,7,2,call-target;prologue
0x421f80,0x421fb9,0x421fc0,57,22,7,2,call-target;prologue
0x421fc0,0x421fd3,0x421fe0,19,9,7,2,call-target;prologue
0x421fe0,0x422019,0x422020,57,22,7,2,call-target;prologue
0x422020,0x422059,0x422060,57,22,7,2,call-target;prologue
0x422060,0x422076,0x422080,22,10,7,2,call-target;prologue
0x422080,0x422099,0x4220a0,25,12,7,2,call-target;prologue
0x4220a0,0x422139,0x422140,153,54,7,4,call-target;prologue
0x422140,0x42219a,0x4221a0,90,26,7,2,call-target;prologue
0x4221a0,0x4221bc,0x4221c0,28,12,7,2,call-target;prologue
0x4221c0,0x4221d0,0x4221d0,16,8,7,1,call-target;prologue
0x4221d0,0x4221e9,0x4221f0,25,11,7,2,call-target;prologue
0x4221f0,0x422209,0x422210,25,11,7,2,call-target;prologue
0x422210,0x42222b,0x422230,27,12,7,2,call-target;prologue
0x422230,0x422249,0x422250,25,11,7,2,call-target;prologue
0x422250,0x422266,0x422270,22,10,7,2,call-target;prologue
0x422270,0x422289,0x422290,25,12,7,2,call-target;prologue
0x422290,0x422327,0x422330,151,53,7,4,call-target;prologue
0x422330,0x42238a,0x422390,90,26,7,2,call-target;prologue
0x422390,0x4223ac,0x4223b0,28,12,7,2,call-target;prologue
0x4223b0,0x4223c0,0x4223c0,16,8,7,1,call-target;prologue
0x4223c0,0x4223d9,0x4223e0,25,11,7,2,call-target;prologue
0x4223e0,0x4223f9,0x422400,25,11,7,2,call-target;prologue
0x422400,0x42241b,0x422420,27,12,7,2,call-target;prologue
0x422420,0x422439,0x422440,25,11,7,2,call-target;prologue
0x422440,0x422460,0x422460,32,14,7,1,call-target;prologue
0x422460,0x42247f,0x422480,31,13,7,2,call-target;prologue
0x422480,0x42249b,0x4224a0,27,12,7,2,call-target;prologue
0x4224a0,0x4224f7,0x422500,87,34,7,3,call-target;prologue
0x422500,0x422520,0x422520,32,14,7,1,call-target;prologue
0x422520,0x42253f,0x422540,31,13,7,2,call-target;prologue
0x422540,0x42255b,0x422560,27,12,7,2,call-target;prologue
0x422560,0x4225b3,0x4225c0,83,32,7,3,call-target;prologue
0x4225c0,0x4225d9,0x4225e0,25,11,7,2,call-target;prologue
0x4225e0,0x42260c,0x422610,44,15,7,4,call-target;prologue
0x422610,0x422629,0x422630,25,11,7,2,call-target;prologue
0x422630,0x42265c,0x422660,44,15,7,4,call-target;prologue
0x422660,0x422681,0x422690,33,14,7,2,call-target;prologue
0x422690,0x4226b1,0x4226c0,33,14,7,2,call-target;prologue
0x4226c0,0x4226f7,0x422700,55,25,7,2,call-target;prologue
0x422700,0x422737,0x422740,55,25,7,2,call-target;prologue
0x422740,0x422773,0x422780,51,23,7,2,call-target;prologue
0x422780,0x422794,0x4227a0,20,9,7,2,call-target;prologue
0x4227a0,0x4227e0,0x4227e0,64,24,7,3,call-target;prologue
0x4227e0,0x422817,0x422820,55,25,7,2,call-target;prologue
0x422820,0x422857,0x422860,55,25,7,2,call-target;prologue
0x422860,0x422893,0x4228a0,51,23,7,2,call-target;prologue
0x4228a0,0x4228b4,0x4228c0,20,9,7,2,call-target;prologue
0x4228c0,0x42292c,0x422930,108,32,7,4,call-target;prologue
0x422930,0x422940,0x422940,16,8,7,1,call-target;prologue
0x422940,0x422954,0x422960,20,9,7,2,call-target;prologue
0x422960,0x422965,0x422970,5,4,7,2,call-target;prologue
0x422970,0x422980,0x422980,16,8,7,1,call-target;prologue
0x422980,0x422994,0x4229a0,20,9,7,2,call-target;prologue
0x4229a0,0x4229a5,0x4229b0,5,4,7,2,call-target;prologue
0x4229b0,0x4229bf,0x4229c0,15,7,7,2,call-target;prologue
0x4229c0,0x4229cf,0x4229d0,15,7,7,2,call-target;prologue
0x4229d0,0x4229ec,0x4229f0,28,12,7,2,call-target;prologue
0x4229f0,0x422a1c,0x422a20,44,17,7,3,call-target;prologue
0x422a20,0x422a4c,0x422a50,44,17,7,3,call-target;prologue
0x422a50,0x422b41,0x422b50,241,80,7,4,call-target;prologue
0x422b50,0x422b73,0x422b80,35,15,7,2,call-target;prologue
0x422b80,0x422ba9,0x422bb0,41,17,7,2,call-target;prologue
0x422bb0,0x422bbb,0x422bc0,11,7,7,2,call-target;prologue
0x422bc0,0x422bf1,0x422c00,49,21,7,2,call-target;prologue
0x422c00,0x422c19,0x422c20,25,12,7,2,call-target;prologue
0x422c20,0x422c25,0x422c30,5,4,7,2,call-target;prologue
0x422c30,0x422c3b,0x422c40,11,7,7,2,call-target;prologue
0x422c40,0x422c71,0x422c80,49,21,7,2,call-target;prologue
0x422c80,0x422c99,0x422ca0,25,12,7,2,call-target;prologue
0x422ca0,0x422ca5,0x422cb0,5,4,7,2,call-target;prologue
0x422cb0,0x422cf3,0x422d00,67,29,7,2,call-target;prologue
0x422d00,0x422d2b,0x422d30,43,18,7,5,call-target;prologue
0x422d30,0x422d5b,0x422d60,43,18,7,5,call-target;prologue
0x422d60,0x422d6b,0x422d70,11,7,7,2,call-target;prologue
0x422d70,0x423379,0x423380,1545,449,7,30,call-target;prologue
0x423380,0x423462,0x423470,226,81,7,6,call-target;prologue
0x423470,0x423512,0x423520,162,55,7,4,call-target;prologue
0x423520,0x423549,0x423550,41,16,7,2,call-target;prologue
0x423550,0x423576,0x423580,38,15,7,2,call-target;prologue
0x423580,0x42359d,0x4235a0,29,13,7,2,call-target;prologue
0x4235a0,0x4235bd,0x4235c0,29,13,7,2,call-target;prologue
0x4235c0,0x4235e1,0x4235f0,33,15,7,2,call-target;prologue
0x4235f0,0x423632,0x423640,66,25,7,4,call-target;prologue
0x423640,0x42367c,0x423680,60,21,7,4,call-target;prologue
0x423680,0x4236b7,0x4236c0,55,26,7,2,call-target;prologue
0x4236c0,0x4236eb,0x4236f0,43,20,7,2,call-target;prologue
0x4236f0,0x423736,0x423740,70,32,7,2,call-target;prologue
0x423740,0x423786,0x423790,70,32,7,2,call-target;prologue
0x423790,0x4237d6,0x4237e0,70,32,7,2,call-target;prologue
0x4237e0,0x4237fb,0x423800,27,12,7,2,call-target;prologue
0x423800,0x423811,0x423820,17,8,7,2,call-target;prologue
0x423820,0x42382b,0x423830,11,7,7,2,call-target;prologue
0x423830,0x42388b,0x423890,91,35,7,5,call-target;prologue
0x423890,0x42389b,0x4238a0,11,7,7,2,call-target;prologue
0x4238a0,0x4238fb,0x423900,91,35,7,5,call-target;prologue
0x423900,0x423957,0x423960,87,34,7,4,call-target;prologue
0x423960,0x42397d,0x423980,29,13,7,2,call-target;prologue
0x423980,0x42399d,0x4239a0,29,13,7,2,call-target;prologue
0x4239a0,0x4239bf,0x4239c0,31,13,7,2,call-target;prologue
0x4239c0,0x4239e2,0x4239f0,34,13,4,2,prologue
0x4239f0,0x423a8b,0x423a90,155,41,7,4,call-target;prologue
0x423a90,0x423b1f,0x423b20,143,41,7,6,call-target;prologue
0x423b20,0x423b3a,0x423b40,26,11,4,2,prologue
0x423b40,0x423c51,0x423c60,273,84,4,8,prologue
0x423c60,0x423c80,0x423c80,32,9,7,2,call-target;prologue
0x423c80,0x423ce0,0x423ce0,96,32,7,6,call-target;prologue
0x423ce0,0x423d03,0x423d10,35,15,7,2,call-target;prologue
0x423d10,0x423d39,0x423d40,41,17,7,2,call-target;prologue
0x423d40,0x423d51,0x423d60,17,9,7,2,call-target;prologue
0x423d60,0x423da4,0x423db0,68,25,7,3,call-target;prologue
0x423db0,0x423de1,0x423df0,49,19,7,2,call-target;prologue
0x423df0,0x423e10,0x423e10,32,13,7,1,call-target;prologue
0x423e10,0x423ee9,0x423ef0,217,77,7,5,call-target;prologue
0x423ef0,0x423f2b,0x423f30,59,25,7,2,call-target;prologue
0x423f30,0x423f43,0x423f50,19,9,7,2,call-target;prologue
0x423f50,0x423f66,0x423f70,22,10,7,2,call-target;prologue
0x423f70,0x423f83,0x423f90,19,9,7,2,call-target;prologue
0x423f90,0x423fc6,0x423fd0,54,20,7,2,call-target;prologue
0x423fd0,0x423ff1,0x424000,33,15,7,2,call-target;prologue
0x424000,0x424106,0x424110,262,100,7,9,call-target;prologue
0x424110,0x42416a,0x424170,90,26,7,2,call-target;prologue
0x424170,0x424378,0x424380,520,186,7,8,call-target;prologue
0x424380,0x424431,0x424440,177,60,7,8,call-target;prologue
0x424440,0x42445b,0x424460,27,12,7,2,call-target;prologue
0x424460,0x42447d,0x424480,29,13,7,2,call-target;prologue
0x424480,0x4244a0,0x4244a0,32,14,7,1,call-target;prologue
0x4244a0,0x4244bd,0x4244c0,29,13,7,2,call-target;prologue
0x4244c0,0x4244f9,0x424500,57,22,7,2,call-target;prologue
0x424500,0x424521,0x424530,33,12,7,2,call-target;prologue
0x424530,0x424589,0x424590,89,34,7,3,call-target;prologue
0x424590,0x4245cc,0x4245d0,60,21,7,4,call-target;prologue
0x4245d0,0x4245e6,0x4245f0,22,10,7,2,call-target;prologue
0x4245f0,0x424609,0x424610,25,12,7,2,call-target;prologue
0x424610,0x4246b4,0x4246c0,164,55,7,4,call-target;prologue
0x4246c0,0x42475a,0x424760,154,54,7,4,call-target;prologue
0x424760,0x4247ba,0x4247c0,90,26,7,2,call-target;prologue
0x4247c0,0x4247d9,0x4247e0,25,11,7,2,call-target;prologue
0x4247e0,0x4247f9,0x424800,25,11,7,2,call-target;prologue
0x424800,0x42481b,0x424820,27,12,7,2,call-target;prologue
0x424820,0x424839,0x424840,25,11,7,2,call-target;prologue
0x424840,0x42485f,0x424860,31,13,7,2,call-target;prologue
0x424860,0x424889,0x424890,41,16,7,2,call-target;prologue
0x424890,0x4248b1,0x4248c0,33,14,7,2,call-target;prologue
0x4248c0,0x4248d9,0x4248e0,25,11,7,2,call-target;prologue
0x4248e0,0x42490c,0x424910,44,15,7,4,call-target;prologue
0x424910,0x424952,0x424960,66,25,7,4,call-target;prologue
0x424960,0x4249a6,0x4249b0,70,32,7,2,call-target;prologue
0x4249b0,0x4249f6,0x424a00,70,32,7,2,call-target;prologue
0x424a00,0x424a37,0x424a40,55,25,7,2,call-target;prologue
0x424a40,0x424a77,0x424a80,55,25,7,2,call-target;prologue
0x424a80,0x424ab3,0x424ac0,51,23,7,2,call-target;prologue
0x424ac0,0x424ad4,0x424ae0,20,9,7,2,call-target;prologue
0x424ae0,0x424b1a,0x424b20,58,22,7,4,call-target;prologue
0x424b20,0x424b34,0x424b40,20,9,7,2,call-target;prologue
0x424b40,0x424b45,0x424b50,5,4,7,2,call-target;prologue
0x424b50,0x424b55,0x424b60,5,4,7,2,call-target;prologue
0x424b60,0x424b6b,0x424b70,11,7,7,2,call-target;prologue
0x424b70,0x424bc1,0x424bd0,81,31,7,4,call-target;prologue
0x424bd0,0x424c25,0x424c30,85,32,7,5,call-target;prologue
0x424c30,0x424c3b,0x424c40,11,7,7,2,call-target;prologue
0x424c40,0x424c71,0x424c80,49,21,7,2,call-target;prologue
0x424c80,0x424c99,0x424ca0,25,12,7,2,call-target;prologue
0x424ca0,0x424ca5,0x424cb0,5,4,7,2,call-target;prologue
0x424cb0,0x424ccd,0x424cd0,29,13,7,2,call-target;prologue
0x424cd0,0x424cfb,0x424d00,43,18,7,5,call-target;prologue
0x424d00,0x424d48,0x424d50,72,21,7,2,call-target;prologue
0x424d50,0x424d85,0x424d90,53,20,7,2,call-target;prologue
0x424d90,0x424d9e,0x424da0,14,8,7,2,call-target;prologue
0x424da0,0x424dbc,0x424dc0,28,12,7,2,call-target;prologue
0x424dc0,0x424dd0,0x424dd0,16,8,7,1,call-target;prologue
0x424dd0,0x424de0,0x424de0,16,8,7,1,call-target;prologue
0x424de0,0x424df3,0x424e00,19,9,7,2,call-target;prologue
0x424e00,0x424f34,0x424f40,308,73,7,5,call-target;prologue
0x424f40,0x424f5c,0x424f60,28,11,7,2,call-target;prologue
0x424f60,0x424ff8,0x425000,152,45,4,6,prologue
0x425000,0x4250b4,0x4250c0,180,50,4,5,prologue
0x4250c0,0x42512b,0x425130,107,32,7,4,call-target;prologue
0x425130,0x42518c,0x425190,92,24,7,2,call-target;prologue
0x425190,0x4251bc,0x4251c0,44,17,4,3,prologue
0x4251c0,0x4251e2,0x4251f0,34,13,7,2,call-target;prologue
0x4251f0,0x4252a5,0x4252b0,181,50,7,4,call-target;prologue
0x4252b0,0x42532f,0x425330,127,36,7,4,call-target;prologue
0x425330,0x425384,0x425390,84,28,4,5,prologue
0x425390,0x42542c,0x425430,156,42,4,3,prologue
0x425430,0x42545c,0x425460,44,17,4,3,prologue
0x425460,0x42548c,0x425490,44,17,7,3,call-target;prologue
0x425490,0x425547,0x425550,183,50,7,4,call-target;prologue
0x425550,0x4255cf,0x4255d0,127,36,7,4,call-target;prologue
0x4255d0,0x42561e,0x425620,78,26,4,4,prologue
0x425620,0x4256bc,0x4256c0,156,42,4,3,prologue
0x4256c0,0x425720,0x425720,96,30,7,3,call-target;prologue
0x425720,0x42574c,0x425750,44,17,4,3,prologue
0x425750,0x4258c4,0x4258d0,372,105,7,4,call-target;prologue
0x4258d0,0x4259c4,0x4259d0,244,77,7,4,call-target;prologue
0x4259d0,0x425c73,0x425c80,675,179,4,19,prologue
0x425c80,0x4265fd,0x426600,2429,594,4,8,prologue
0x426600,0x42666a,0x426670,106,32,7,4,call-target;prologue
0x426670,0x42689b,0x4268a0,555,136,7,12,call-target;prologue
0x4268a0,0x426a64,0x426a70,452,114,7,10,call-target;prologue
0x426a70,0x426dcc,0x426dd0,860,217,7,18,call-target;prologue
0x426dd0,0x427164,0x427180,916,282,7,25,call-target;prologue
0x427180,0x4272f9,0x427300,377,115,7,8,call-target;prologue
0x427300,0x42742a,0x427430,298,100,4,8,prologue
0x427430,0x427462,0x427470,50,16,4,2,prologue
0x427470,0x4274c2,0x4274d0,82,30,4,2,prologue
0x4274d0,0x4274fc,0x427500,44,17,4,3,prologue
0x427500,0x4275cc,0x4275d0,204,78,7,2,call-target;prologue
0x4275d0,0x4276ab,0x4276b0,219,60,7,4,call-target;prologue
0x4276b0,0x42772f,0x427730,127,36,7,4,call-target;prologue
0x427730,0x427793,0x4277a0,99,31,4,6,prologue
0x4277a0,0x428c7b,0x428c80,5339,1188,4,28,prologue
0x428c80,0x428cea,0x428cf0,106,32,7,4,call-target;prologue
0x428cf0,0x428d1c,0x428d20,44,17,4,3,prologue
0x428d20,0x428d31,0x428d40,17,8,7,2,call-target;prologue
0x428d40,0x428d5c,0x428d60,28,12,7,2,call-target;prologue
0x428d60,0x428e5b,0x428e60,251,69,7,4,call-target;prologue
0x428e60,0x428efa,0x428f00,154,46,7,5,call-target;prologue
0x428f00,0x4292b7,0x4292e0,951,269,4,37,prologue
0x4292e0,0x429da7,0x429dc0,2759,675,4,8,prologue
0x429dc0,0x429ef6,0x429f00,310,84,7,17,call-target;prologue
0x429f00,0x42a133,0x42a150,563,137,7,15,call-target;prologue
0x42a150,0x42a17c,0x42a180,44,17,4,3,prologue
0x42a180,0x42a2bb,0x42a2c0,315,84,7,4,call-target;prologue
0x42a2c0,0x42a33f,0x42a340,127,36,7,4,call-target;prologue
0x42a340,0x42a55d,0x42a560,541,151,4,14,prologue
0x42a560,0x42ab8d,0x42ab90,1581,382,4,9,prologue
0x42ab90,0x42ae62,0x42ae70,722,201,7,28,call-target;prologue
0x42ae70,0x42afe9,0x42aff0,377,115,7,8,call-target;prologue
0x42aff0,0x42b108,0x42b110,280,81,7,5,call-target;prologue
0x42b110,0x42b1b9,0x42b1c0,169,53,7,2,call-target;prologue
0x42b1c0,0x42b1ec,0x42b1f0,44,17,4,3,prologue
0x42b1f0,0x42b2f4,0x42b300,260,71,7,6,call-target;prologue
0x42b300,0x42b37f,0x42b380,127,36,7,4,call-target;prologue
0x42b380,0x42b56e,0x42b570,494,143,4,16,prologue
0x42b570,0x42bcc3,0x42bcd0,1875,462,4,9,prologue
0x42bcd0,0x42bfcc,0x42bfd0,764,213,7,28,call-target;prologue
0x42bfd0,0x42c149,0x42c150,377,115,7,8,call-target;prologue
0x42c150,0x42c268,0x42c270,280,81,7,5,call-target;prologue
0x42c270,0x42c39f,0x42c3a0,303,88,7,4,call-target;prologue
0x42c3a0,0x42c3cc,0x42c3d0,44,17,4,3,prologue
0x42c3d0,0x42c55b,0x42c560,395,106,7,10,call-target;prologue
0x42c560,0x42c669,0x42c670,265,76,7,7,call-target;prologue
0x42c670,0x42ca5d,0x42ca60,1005,296,4,19,prologue
0x42ca60,0x42d326,0x42d330,2246,546,4,18,prologue
0x42d330,0x42d466,0x42d470,310,84,7,17,call-target;prologue
0x42d470,0x42d6d5,0x42d6e0,613,155,7,8,call-target;prologue
0x42d6e0,0x42d859,0x42d860,377,115,7,8,call-target;prologue
0x42d860,0x42d978,0x42d980,280,81,7,5,call-target;prologue
0x42d980,0x42dabb,0x42dac0,315,92,7,4,call-target;prologue
0x42dac0,0x42daec,0x42daf0,44,17,4,3,prologue
0x42daf0,0x42db21,0x42db30,49,19,7,2,call-target;prologue
0x42db30,0x42db78,0x42db80,72,21,7,2,call-target;prologue
0x42db80,0x42db93,0x42dba0,19,9,7,2,call-target;prologue
0x42dba0,0x42dbd1,0x42dbe0,49,19,7,2,call-target;prologue
0x42dbe0,0x42dcb3,0x42dcc0,211,75,7,5,call-target;prologue
0x42dcc0,0x42dce3,0x42dcf0,35,15,7,2,call-target;prologue
0x42dcf0,0x42deef,0x42def0,511,183,7,8,call-target;prologue
0x42def0,0x42dfa1,0x42dfb0,177,60,7,8,call-target;prologue
0x42dfb0,0x42dfe5,0x42dff0,53,20,7,2,call-target;prologue
0x42dff0,0x42dffe,0x42e000,14,8,7,2,call-target;prologue
0x42e000,0x42e01b,0x42e020,27,12,7,2,call-target;prologue
0x42e020,0x42e03d,0x42e040,29,13,7,2,call-target;prologue
0x42e040,0x42e079,0x42e080,57,22,7,2,call-target;prologue
0x42e080,0x42e093,0x42e0a0,19,9,7,2,call-target;prologue
0x42e0a0,0x42e0d9,0x42e0e0,57,22,7,2,call-target;prologue
0x42e0e0,0x42e0f6,0x42e100,22,10,7,2,call-target;prologue
0x42e100,0x42e119,0x42e120,25,12,7,2,call-target;prologue
0x42e120,0x42e1b7,0x42e1c0,151,53,7,4,call-target;prologue
0x42e1c0,0x42e21a,0x42e220,90,26,7,2,call-target;prologue
0x42e220,0x42e23c,0x42e240,28,12,7,2,call-target;prologue
0x42e240,0x42e250,0x42e250,16,8,7,1,call-target;prologue
0x42e250,0x42e269,0x42e270,25,11,7,2,call-target;prologue
0x42e270,0x42e289,0x42e290,25,11,7,2,call-target;prologue
0x42e290,0x42e2ab,0x42e2b0,27,12,7,2,call-target;prologue
0x42e2b0,0x42e2c9,0x42e2d0,25,11,7,2,call-target;prologue
0x42e2d0,0x42e2ef,0x42e2f0,31,13,7,2,call-target;prologue
0x42e2f0,0x42e310,0x42e310,32,14,7,1,call-target;prologue
0x42e310,0x42e32f,0x42e330,31,13,7,2,call-target;prologue
0x42e330,0x42e383,0x42e390,83,32,7,3,call-target;prologue
0x42e390,0x42e3a9,0x42e3b0,25,11,7,2,call-target;prologue
0x42e3b0,0x42e3dc,0x42e3e0,44,15,7,4,call-target;prologue
0x42e3e0,0x42e401,0x42e410,33,14,7,2,call-target;prologue
0x42e410,0x42e447,0x42e450,55,25,7,2,call-target;prologue
0x42e450,0x42e487,0x42e490,55,25,7,2,call-target;prologue
0x42e490,0x42e4c3,0x42e4d0,51,23,7,2,call-target;prologue
0x42e4d0,0x42e4e4,0x42e4f0,20,9,7,2,call-target;prologue
0x42e4f0,0x42e531,0x42e540,65,26,7,4,call-target;prologue
0x42e540,0x42e550,0x42e550,16,8,7,1,call-target;prologue
0x42e550,0x42e564,0x42e570,20,9,7,2,call-target;prologue
0x42e570,0x42e575,0x42e580,5,4,7,2,call-target;prologue
0x42e580,0x42e585,0x42e590,5,4,7,2,call-target;prologue
0x42e590,0x42e59b,0x42e5a0,11,7,7,2,call-target;prologue
0x42e5a0,0x42e5d1,0x42e5e0,49,21,7,2,call-target;prologue
0x42e5e0,0x42e5f9,0x42e600,25,12,7,2,call-target;prologue
0x42e600,0x42e605,0x42e610,5,4,7,2,call-target;prologue
0x42e610,0x42e63b,0x42e640,43,18,7,5,call-target;prologue
0x42e640,0x42e863,0x42e870,547,127,7,4,call-target;prologue
0x42e870,0x42e8ef,0x42e8f0,127,36,7,4,call-target;prologue
0x42e8f0,0x42eee9,0x42ef10,1529,408,4,41,prologue
0x42ef10,0x42f450,0x42f450,1344,320,4,2,prologue
0x42f450,0x42f52c,0x42f530,220,60,7,12,call-target;prologue
0x42f530,0x42f6d7,0x42f6e0,423,127,7,8,call-target;prologue
0x42f6e0,0x42f70c,0x42f710,44,17,4,3,prologue
0x42f710,0x42f87e,0x42f880,366,96,7,7,call-target;prologue
0x42f880,0x42f965,0x42f970,229,68,7,7,call-target;prologue
0x42f970,0x43007b,0x430080,1803,459,4,40,prologue
0x430080,0x430d72,0x430d80,3314,811,4,15,prologue
0x430d80,0x430ed7,0x430ee0,343,84,7,17,call-target;prologue
0x430ee0,0x43106e,0x431070,398,91,7,8,call-target;prologue
0x431070,0x431341,0x431350,721,174,7,12,call-target;prologue
0x431350,0x4315e8,0x4315f0,664,167,7,7,call-target;prologue
0x4315f0,0x431769,0x431770,377,115,7,8,call-target;prologue
0x431770,0x431888,0x431890,280,81,7,5,call-target;prologue
0x431890,0x431939,0x431940,169,53,7,2,call-target;prologue
0x431940,0x4319b0,0x4319b0,112,39,7,5,call-target;prologue
0x4319b0,0x431b5d,0x431b60,429,118,4,7,prologue
0x431b60,0x431d57,0x431d60,503,137,7,10,call-target;prologue
0x431d60,0x431f10,0x431f10,432,120,4,7,prologue
0x431f10,0x431f3c,0x431f40,44,17,4,3,prologue
0x431f40,0x431f5f,0x431f60,31,12,7,2,call-target;prologue
0x431f60,0x4321f7,0x432200,663,157,7,22,call-target;prologue
0x432200,0x4322af,0x4322b0,175,49,4,2,prologue
0x4322b0,0x43235c,0x432360,172,47,4,2,prologue
0x432360,0x432408,0x432410,168,46,4,2,prologue
0x432410,0x4324cd,0x4324d0,189,52,4,2,prologue
0x4324d0,0x432655,0x432660,389,90,4,8,prologue
0x432660,0x4327ec,0x4327f0,396,94,4,8,prologue
0x4327f0,0x432953,0x432960,355,80,4,8,prologue
0x432960,0x432ae2,0x432af0,386,91,4,8,prologue
0x432af0,0x432c35,0x432c40,325,74,4,6,prologue
0x432c40,0x432d6c,0x432d70,300,75,4,7,prologue
0x432d70,0x432e99,0x432ea0,297,74,4,7,prologue
0x432ea0,0x43313c,0x433140,668,185,7,20,call-target;prologue
0x433140,0x433227,0x433230,231,68,7,8,call-target;prologue
0x433230,0x433469,0x433470,569,116,7,4,call-target;prologue
0x433470,0x433a12,0x433a40,1442,362,4,49,prologue
0x433a40,0x433bd4,0x433be0,404,111,7,10,call-target;prologue
0x433be0,0x433ce8,0x433cf0,264,70,7,6,call-target;prologue
0x433cf0,0x4348d5,0x4348e0,3045,734,7,45,call-target;prologue
0x4348e0,0x434ce5,0x434cf0,1029,245,7,17,call-target;prologue
0x434cf0,0x4350d3,0x4350e0,995,242,7,21,call-target;prologue
0x4350e0,0x435863,0x435870,1923,489,7,46,call-target;prologue
0x435870,0x435a61,0x435a70,497,114,7,9,call-target;prologue
0x435a70,0x437374,0x437380,6404,1471,4,16,prologue
0x437380,0x438239,0x438240,3769,825,7,42,call-target;prologue
0x438240,0x438670,0x438670,1072,255,7,6,call-target;prologue
0x438670,0x4388c4,0x4388d0,596,149,7,4,call-target;prologue
0x4388d0,0x438a2a,0x438a30,346,101,7,9,call-target;prologue
0x438a30,0x438a5c,0x438a60,44,17,4,3,prologue
0x438a60,0x438a71,0x438a80,17,8,7,2,call-target;prologue
0x438a80,0x438ab5,0x438ac0,53,15,7,2,call-target;prologue
0x438ac0,0x438ba0,0x438ba0,224,61,7,3,call-target;prologue
0x438ba0,0x438c1f,0x438c20,127,36,7,4,call-target;prologue
0x438c20,0x438cf0,0x438cf0,208,57,4,8,prologue
0x438cf0,0x438cfb,0x438d00,11,7,7,2,call-target;prologue
0x438d00,0x439f8d,0x439f90,4749,1215,4,28,prologue
0x439f90,0x439ff0,0x439ff0,96,30,7,3,call-target;prologue
0x439ff0,0x43a01c,0x43a020,44,17,4,3,prologue
0x43a020,0x43a1d3,0x43a1e0,435,116,7,4,call-target;prologue
0x43a1e0,0x43a26e,0x43a270,142,39,7,4,call-target;prologue
0x43a270,0x43a769,0x43a7a0,1273,342,4,45,prologue
0x43a7a0,0x43abe1,0x43abf0,1089,267,4,6,prologue
0x43abf0,0x43acd4,0x43ace0,228,62,7,10,call-target;prologue
0x43ace0,0x43ad0c,0x43ad10,44,17,4,3,prologue
0x43ad10,0x43b0aa,0x43b0b0,922,230,7,14,call-target;prologue
0x43b0b0,0x43b1a8,0x43b1b0,248,75,7,9,call-target;prologue
0x43b1b0,0x43b50b,0x43b510,859,247,4,21,prologue
0x43b510,0x43b5c3,0x43b5d0,179,49,7,4,call-target;prologue
0x43b5d0,0x43b5e0,0x43b5e0,16,8,7,1,call-target;prologue
0x43b5e0,0x43b60c,0x43b610,44,17,4,3,prologue
0x43b610,0x43c8ac,0x43c8f0,4764,1170,7,117,call-target;prologue
0x43c8f0,0x43c927,0x43c930,55,20,7,5,call-target;prologue
0x43c930,0x43cdae,0x43cdb0,1150,278,7,15,call-target;prologue
0x43cdb0,0x43d007,0x43d010,599,148,7,9,call-target;prologue
0x43d010,0x43d35f,0x43d360,847,208,7,15,call-target;prologue
0x43d360,0x43d3a2,0x43d3b0,66,22,7,2,call-target;prologue
0x43d3b0,0x43d3db,0x43d3e0,43,14,7,2,call-target;prologue
0x43d3e0,0x43d42f,0x43d430,79,20,7,2,call-target;prologue
0x43d430,0x43d45c,0x43d460,44,13,7,2,call-target;prologue
0x43d460,0x43d488,0x43d490,40,13,7,2,call-target;prologue
0x43d490,0x43d4cb,0x43d4d0,59,20,7,2,call-target;prologue
0x43d4d0,0x43d56a,0x43d570,154,47,7,4,call-target;prologue
0x43d570,0x43d9cb,0x43d9d0,1115,272,7,7,call-target;prologue
0x43d9d0,0x43e035,0x43e040,1637,455,4,26,prologue
0x43e040,0x4406b1,0x4406c0,9841,2401,7,75,call-target;prologue
0x4406c0,0x440af9,0x440b00,1081,292,7,10,call-target;prologue
0x440b00,0x440b4e,0x440b50,78,25,7,2,call-target;prologue
0x440b50,0x441906,0x441910,3510,750,7,12,call-target;prologue
0x441910,0x441e96,0x441ea0,1414,340,7,12,call-target;prologue
0x441ea0,0x441fcf,0x441fd0,303,78,7,4,call-target;prologue
0x441fd0,0x441fd5,0x441fe0,5,4,4,2,prologue
0x441fe0,0x44200c,0x442010,44,13,7,2,call-target;prologue
0x442010,0x44203c,0x442040,44,13,7,2,call-target;prologue
0x442040,0x44205c,0x442060,28,12,7,2,call-target;prologue
0x442060,0x4420a6,0x4420b0,70,25,7,3,call-target;prologue
0x4420b0,0x4420f6,0x442100,70,25,7,3,call-target;prologue
0x442100,0x44211f,0x442120,31,13,7,2,call-target;prologue
0x442120,0x442159,0x442160,57,21,7,4,call-target;prologue
0x442160,0x4421ba,0x4421c0,90,26,7,2,call-target;prologue
0x4421c0,0x4421df,0x4421e0,31,13,7,2,call-target;prologue
0x4421e0,0x442214,0x442220,52,19,7,4,call-target;prologue
0x442220,0x44227a,0x442280,90,26,7,2,call-target;prologue
0x442280,0x442293,0x4422a0,19,9,7,2,call-target;prologue
0x4422a0,0x4422cd,0x4422d0,45,18,7,2,call-target;prologue
0x4422d0,0x4422e3,0x4422f0,19,9,7,2,call-target;prologue
0x4422f0,0x44231d,0x442320,45,18,7,2,call-target;prologue
0x442320,0x44233c,0x442340,28,12,7,2,call-target;prologue
0x442340,0x442360,0x442360,32,14,7,1,call-target;prologue
0x442360,0x442370,0x442370,16,9,7,1,call-target;prologue
0x442370,0x44238c,0x442390,28,12,7,2,call-target;prologue
0x442390,0x4423b0,0x4423b0,32,14,7,1,call-target;prologue
0x4423b0,0x4423c0,0x4423c0,16,9,7,1,call-target;prologue
0x4423c0,0x4423d8,0x4423e0,24,11,7,2,call-target;prologue
0x4423e0,0x4423f8,0x442400,24,11,7,2,call-target;prologue
0x442400,0x4424d9,0x4424e0,217,79,7,10,call-target;prologue
0x4424e0,0x442540,0x442540,96,34,7,1,call-target;prologue
0x442540,0x442573,0x442580,51,15,7,2,call-target;prologue
0x442580,0x442a61,0x442a70,1249,341,7,32,call-target;prologue
0x442a70,0x442e3f,0x442e40,975,277,7,30,call-target;prologue
0x442e40,0x4431c1,0x4431d0,897,242,7,25,call-target;prologue
0x4431d0,0x44398e,0x4439a0,1982,508,7,36,call-target;prologue
0x4439a0,0x443e41,0x443e90,1185,335,7,29,call-target;prologue
0x443e90,0x443fc0,0x443fc0,304,74,7,5,call-target;prologue
0x443fc0,0x444018,0x444020,88,26,7,2,call-target;prologue
0x444020,0x4443a2,0x4443b0,898,227,7,15,call-target;prologue
0x4443b0,0x444648,0x444650,664,167,7,9,call-target;prologue
0x444650,0x444736,0x444850,230,61,7,12,call-target;prologue
0x444850,0x444fa5,0x444fc0,1877,472,7,30,call-target;prologue
0x444fc0,0x4450d8,0x4450e0,280,71,7,6,call-target;prologue
0x4450e0,0x4451cf,0x4451d0,239,74,7,5,call-target;prologue
0x4451d0,0x445207,0x445210,55,16,7,2,call-target;prologue
0x445210,0x445247,0x445250,55,16,7,2,call-target;prologue
0x445250,0x445282,0x445290,50,15,7,2,call-target;prologue
0x445290,0x4452c2,0x4452d0,50,15,7,2,call-target;prologue
0x4452d0,0x445304,0x445310,52,19,7,4,call-target;prologue
0x445310,0x445356,0x445360,70,25,7,3,call-target;prologue
0x445360,0x445383,0x445390,35,15,7,2,call-target;prologue
0x445390,0x4453b9,0x4453c0,41,17,7,2,call-target;prologue
0x4453c0,0x4453d6,0x4453e0,22,10,7,2,call-target;prologue
0x4453e0,0x4453f3,0x445400,19,9,7,2,call-target;prologue
0x445400,0x445436,0x445440,54,20,7,2,call-target;prologue
0x445440,0x445461,0x445470,33,15,7,2,call-target;prologue
0x445470,0x44548f,0x445490,31,13,7,2,call-target;prologue
0x445490,0x4454ea,0x4454f0,90,26,7,2,call-target;prologue
0x4454f0,0x445510,0x445510,32,14,7,1,call-target;prologue
0x445510,0x44552d,0x445530,29,13,7,2,call-target;prologue
0x445530,0x445551,0x445560,33,12,7,2,call-target;prologue
0x445560,0x4455b9,0x4455c0,89,34,7,3,call-target;prologue
0x4455c0,0x4455fc,0x445600,60,21,7,4,call-target;prologue
0x445600,0x445613,0x445620,19,9,7,2,call-target;prologue
0x445620,0x44564d,0x445650,45,18,7,2,call-target;prologue
0x445650,0x445671,0x445680,33,14,7,2,call-target;prologue
0x445680,0x44569c,0x4456a0,28,12,7,2,call-target;prologue
0x4456a0,0x4456c0,0x4456c0,32,14,7,1,call-target;prologue
0x4456c0,0x4456d0,0x4456d0,16,9,7,1,call-target;prologue
0x4456d0,0x4456e8,0x4456f0,24,11,7,2,call-target;prologue
0x4456f0,0x44582a,0x445830,314,87,7,9,call-target;prologue
0x445830,0x4459f9,0x445a00,457,122,7,13,call-target;prologue
0x445a00,0x4461a6,0x4461d0,1958,504,7,49,call-target;prologue
0x4461d0,0x4464bf,0x4464c0,751,191,7,29,call-target;prologue
0x4464c0,0x4464e0,0x4464e0,32,13,7,1,call-target;prologue
0x4464e0,0x446584,0x446590,164,55,7,4,call-target;prologue
0x446590,0x446b5b,0x446b60,1483,395,7,44,call-target;prologue
0x446b60,0x446b83,0x446b90,35,17,7,2,call-target;prologue
0x446b90,0x446d5f,0x446d60,463,129,7,9,call-target;prologue
0x446d60,0x446d80,0x446d80,32,12,7,1,call-target;prologue
0x446d80,0x447335,0x447340,1461,377,7,19,call-target;prologue
0x447340,0x4480c3,0x4480d0,3459,858,7,19,call-target;prologue
0x4480d0,0x4483e4,0x4483f0,788,214,7,23,call-target;prologue
0x4483f0,0x4486f0,0x448710,768,204,7,24,call-target;prologue
0x448710,0x4491de,0x4491e0,2766,665,7,45,call-target;prologue
0x4491e0,0x4492b7,0x4492c0,215,72,7,4,call-target;prologue
0x4492c0,0x449304,0x449310,68,27,7,2,call-target;prologue
0x449310,0x449a55,0x449a60,1861,540,7,22,call-target;prologue
0x449a60,0x449a71,0x449a80,17,8,7,2,call-target;prologue
0x449a80,0x449a9c,0x449aa0,28,12,7,2,call-target;prologue
0x449aa0,0x449b37,0x449b40,151,39,7,2,call-target;prologue
0x449b40,0x449b4b,0x449b50,11,7,4,2,prologue
0x449b50,0x449cb6,0x449cc0,358,106,4,2,prologue
0x449cc0,0x449ccb,0x449cd0,11,7,4,2,prologue
0x449cd0,0x449cdb,0x449ce0,11,7,4,2,prologue
0x449ce0,0x449d3b,0x449d40,91,33,4,2,prologue
0x449d40,0x449d5f,0x449d60,31,12,7,2,call-target;prologue
0x449d60,0x449d8c,0x449d90,44,17,4,3,prologue
0x449d90,0x449dbc,0x449dc0,44,17,4,3,prologue
0x449dc0,0x449ddc,0x449de0,28,11,7,2,call-target;prologue
0x449de0,0x449e0d,0x449e10,45,16,7,2,call-target;prologue
0x449e10,0x449eb1,0x449ec0,161,41,7,2,call-target;prologue
0x449ec0,0x449eda,0x449ee0,26,12,4,2,prologue
0x449ee0,0x44a160,0x44a160,640,191,4,1,prologue
0x44a160,0x44a16b,0x44a170,11,7,4,2,prologue
0x44a170,0x44a17b,0x44a180,11,7,4,2,prologue
0x44a180,0x44a1db,0x44a1e0,91,33,4,2,prologue
0x44a1e0,0x44a20c,0x44a210,44,17,4,3,prologue
0x44a210,0x44a22c,0x44a230,28,11,7,2,call-target;prologue
0x44a230,0x44a2c7,0x44a2d0,151,39,7,2,call-target;prologue
0x44a2d0,0x44a2db,0x44a2e0,11,7,4,2,prologue
0x44a2e0,0x44a446,0x44a450,358,106,4,2,prologue
0x44a450,0x44a45b,0x44a460,11,7,4,2,prologue
0x44a460,0x44a46b,0x44a470,11,7,4,2,prologue
0x44a470,0x44a4cb,0x44a4d0,91,33,4,2,prologue
0x44a4d0,0x44a4fc,0x44a500,44,17,4,3,prologue
0x44a500,0x44a51c,0x44a520,28,11,7,2,call-target;prologue
0x44a520,0x44a5ac,0x44a5b0,140,36,7,2,call-target;prologue
0x44a5b0,0x44a5bb,0x44a5c0,11,7,4,2,prologue
0x44a5c0,0x44a67a,0x44a680,186,58,4,2,prologue
0x44a680,0x44a68b,0x44a690,11,7,4,2,prologue
0x44a690,0x44a69b,0x44a6a0,11,7,4,2,prologue
0x44a6a0,0x44a6fb,0x44a700,91,33,4,2,prologue
0x44a700,0x44a72c,0x44a730,44,17,4,3,prologue
0x44a730,0x44a74c,0x44a750,28,11,7,2,call-target;prologue
0x44a750,0x44a7dc,0x44a7e0,140,36,7,2,call-target;prologue
0x44a7e0,0x44a7eb,0x44a7f0,11,7,4,2,prologue
0x44a7f0,0x44a8aa,0x44a8b0,186,58,4,2,prologue
0x44a8b0,0x44a8bb,0x44a8c0,11,7,4,2,prologue
0x44a8c0,0x44a8cb,0x44a8d0,11,7,4,2,prologue
0x44a8d0,0x44a92b,0x44a930,91,33,4,2,prologue
0x44a930,0x44a95c,0x44a960,44,17,4,3,prologue
0x44a960,0x44a97c,0x44a980,28,11,7,2,call-target;prologue
0x44a980,0x44aa0c,0x44aa10,140,36,7,2,call-target;prologue
0x44aa10,0x44aa1b,0x44aa20,11,7,4,2,prologue
0x44aa20,0x44aada,0x44aae0,186,58,4,2,prologue
0x44aae0,0x44aaeb,0x44aaf0,11,7,4,2,prologue
0x44aaf0,0x44aafb,0x44ab00,11,7,4,2,prologue
0x44ab00,0x44ab5b,0x44ab60,91,33,4,2,prologue
0x44ab60,0x44ab8c,0x44ab90,44,17,4,3,prologue
0x44ab90,0x44abac,0x44abb0,28,11,7,2,call-target;prologue
0x44abb0,0x44ac47,0x44ac50,151,39,7,2,call-target;prologue
0x44ac50,0x44ac5b,0x44ac60,11,7,4,2,prologue
0x44ac60,0x44ad7c,0x44ad80,284,84,4,2,prologue
0x44ad80,0x44ad8b,0x44ad90,11,7,4,2,prologue
0x44ad90,0x44ad9b,0x44ada0,11,7,4,2,prologue
0x44ada0,0x44adfb,0x44ae00,91,33,4,2,prologue
0x44ae00,0x44ae2c,0x44ae30,44,17,4,3,prologue
0x44ae30,0x44ae4c,0x44ae50,28,11,7,2,call-target;prologue
0x44ae50,0x44aee7,0x44aef0,151,39,7,2,call-target;prologue
0x44aef0,0x44aefb,0x44af00,11,7,4,2,prologue
0x44af00,0x44b01c,0x44b020,284,84,4,2,prologue
0x44b020,0x44b02b,0x44b030,11,7,4,2,prologue
0x44b030,0x44b03b,0x44b040,11,7,4,2,prologue
0x44b040,0x44b09b,0x44b0a0,91,33,4,2,prologue
0x44b0a0,0x44b0cc,0x44b0d0,44,17,4,3,prologue
0x44b0d0,0x44b0ec,0x44b0f0,28,11,7,2,call-target;prologue
0x44b0f0,0x44b17c,0x44b180,140,36,7,2,call-target;prologue
0x44b180,0x44b18b,0x44b190,11,7,4,2,prologue
0x44b190,0x44b24a,0x44b250,186,58,4,2,prologue
0x44b250,0x44b25b,0x44b260,11,7,4,2,prologue
0x44b260,0x44b26b,0x44b270,11,7,4,2,prologue
0x44b270,0x44b2cb,0x44b2d0,91,33,4,2,prologue
0x44b2d0,0x44b2fc,0x44b300,44,17,4,3,prologue
0x44b300,0x44b31c,0x44b320,28,11,7,2,call-target;prologue
0x44b320,0x44b3ac,0x44b3b0,140,36,7,2,call-target;prologue
0x44b3b0,0x44b3bb,0x44b3c0,11,7,4,2,prologue
0x44b3c0,0x44b47a,0x44b480,186,58,4,2,prologue
0x44b480,0x44b48b,0x44b490,11,7,4,2,prologue
0x44b490,0x44b49b,0x44b4a0,11,7,4,2,prologue
0x44b4a0,0x44b4fb,0x44b500,91,33,4,2,prologue
0x44b500,0x44b52c,0x44b530,44,17,4,3,prologue
0x44b530,0x44b54c,0x44b550,28,11,7,2,call-target;prologue
0x44b550,0x44b5f1,0x44b600,161,41,7,2,call-target;prologue
0x44b600,0x44b630,0x44b630,48,17,4,2,prologue
0x44b630,0x44b96e,0x44b970,830,187,4,2,prologue
0x44b970,0x44b97b,0x44b980,11,7,4,2,prologue
0x44b980,0x44b9bc,0x44b9c0,60,18,4,2,prologue
0x44b9c0,0x44ba1b,0x44ba20,91,33,4,2,prologue
0x44ba20,0x44ba4c,0x44ba50,44,17,4,3,prologue
0x44ba50,0x44ba6c,0x44ba70,28,11,7,2,call-target;prologue
0x44ba70,0x44bb11,0x44bb20,161,41,7,2,call-target;prologue
0x44bb20,0x44bb50,0x44bb50,48,17,4,2,prologue
0x44bb50,0x44be8e,0x44be90,830,187,4,2,prologue
0x44be90,0x44be9b,0x44bea0,11,7,4,2,prologue
0x44bea0,0x44bedc,0x44bee0,60,18,4,2,prologue
0x44bee0,0x44bf3b,0x44bf40,91,33,4,2,prologue
0x44bf40,0x44bf6c,0x44bf70,44,17,4,3,prologue
0x44bf70,0x44bf8c,0x44bf90,28,11,7,2,call-target;prologue
0x44bf90,0x44c031,0x44c040,161,41,7,2,call-target;prologue
0x44c040,0x44c070,0x44c070,48,17,4,2,prologue
0x44c070,0x44c3ae,0x44c3b0,830,187,4,2,prologue
0x44c3b0,0x44c3bb,0x44c3c0,11,7,4,2,prologue
0x44c3c0,0x44c3fc,0x44c400,60,18,4,2,prologue
0x44c400,0x44c45b,0x44c460,91,33,4,2,prologue
0x44c460,0x44c48c,0x44c490,44,17,4,3,prologue
0x44c490,0x44c4ac,0x44c4b0,28,11,7,2,call-target;prologue
0x44c4b0,0x44c547,0x44c550,151,39,7,2,call-target;prologue
0x44c550,0x44c55b,0x44c560,11,7,4,2,prologue
0x44c560,0x44c61a,0x44c620,186,58,4,2,prologue
0x44c620,0x44c62b,0x44c630,11,7,4,2,prologue
0x44c630,0x44c63b,0x44c640,11,7,4,2,prologue
0x44c640,0x44c69b,0x44c6a0,91,33,4,2,prologue
0x44c6a0,0x44c6cc,0x44c6d0,44,17,4,3,prologue
0x44c6d0,0x44c6ec,0x44c6f0,28,11,7,2,call-target;prologue
0x44c6f0,0x44c787,0x44c790,151,39,7,2,call-target;prologue
0x44c790,0x44c79b,0x44c7a0,11,7,4,2,prologue
0x44c7a0,0x44c85a,0x44c860,186,58,4,2,prologue
0x44c860,0x44c86b,0x44c870,11,7,4,2,prologue
0x44c870,0x44c87b,0x44c880,11,7,4,2,prologue
0x44c880,0x44c8db,0x44c8e0,91,33,4,2,prologue
0x44c8e0,0x44c90c,0x44c910,44,17,4,3,prologue
0x44c910,0x44c92c,0x44c930,28,11,7,2,call-target;prologue
0x44c930,0x44c9c7,0x44c9d0,151,39,7,2,call-target;prologue
0x44c9d0,0x44c9db,0x44c9e0,11,7,4,2,prologue
0x44c9e0,0x44ca9a,0x44caa0,186,58,4,2,prologue
0x44caa0,0x44caab,0x44cab0,11,7,4,2,prologue
0x44cab0,0x44cabb,0x44cac0,11,7,4,2,prologue
0x44cac0,0x44cb1b,0x44cb20,91,33,4,2,prologue
0x44cb20,0x44cb4c,0x44cb50,44,17,4,3,prologue
0x44cb50,0x44cb6c,0x44cb70,28,11,7,2,call-target;prologue
0x44cb70,0x44cc07,0x44cc10,151,39,7,2,call-target;prologue
0x44cc10,0x44cc1b,0x44cc20,11,7,4,2,prologue
0x44cc20,0x44cd3c,0x44cd40,284,84,4,2,prologue
0x44cd40,0x44cd4b,0x44cd50,11,7,4,2,prologue
0x44cd50,0x44cd5b,0x44cd60,11,7,4,2,prologue
0x44cd60,0x44cdbb,0x44cdc0,91,33,4,2,prologue
0x44cdc0,0x44cdec,0x44cdf0,44,17,4,3,prologue
0x44cdf0,0x44ce0c,0x44ce10,28,11,7,2,call-target;prologue
0x44ce10,0x44cea7,0x44ceb0,151,39,7,2,call-target;prologue
0x44ceb0,0x44cebb,0x44cec0,11,7,4,2,prologue
0x44cec0,0x44cfdc,0x44cfe0,284,84,4,2,prologue
0x44cfe0,0x44cfeb,0x44cff0,11,7,4,2,prologue
0x44cff0,0x44cffb,0x44d000,11,7,4,2,prologue
0x44d000,0x44d05b,0x44d060,91,33,4,2,prologue
0x44d060,0x44d08c,0x44d090,44,17,4,3,prologue
0x44d090,0x44d0ac,0x44d0b0,28,11,7,2,call-target;prologue
0x44d0b0,0x44d147,0x44d150,151,39,7,2,call-target;prologue
0x44d150,0x44d15b,0x44d160,11,7,4,2,prologue
0x44d160,0x44d21a,0x44d220,186,58,4,2,prologue
0x44d220,0x44d22b,0x44d230,11,7,4,2,prologue
0x44d230,0x44d23b,0x44d240,11,7,4,2,prologue
0x44d240,0x44d29b,0x44d2a0,91,33,4,2,prologue
0x44d2a0,0x44d2cc,0x44d2d0,44,17,4,3,prologue
0x44d2d0,0x44d2ec,0x44d2f0,28,11,7,2,call-target;prologue
0x44d2f0,0x44d387,0x44d390,151,39,7,2,call-target;prologue
0x44d390,0x44d39b,0x44d3a0,11,7,4,2,prologue
0x44d3a0,0x44d45a,0x44d460,186,58,4,2,prologue
0x44d460,0x44d46b,0x44d470,11,7,4,2,prologue
0x44d470,0x44d47b,0x44d480,11,7,4,2,prologue
0x44d480,0x44d4db,0x44d4e0,91,33,4,2,prologue
0x44d4e0,0x44d50c,0x44d510,44,17,4,3,prologue
0x44d510,0x44d52c,0x44d530,28,11,7,2,call-target;prologue
0x44d530,0x44d5d1,0x44d5e0,161,41,7,2,call-target;prologue
0x44d5e0,0x44d617,0x44d620,55,20,4,3,prologue
0x44d620,0x44d8ec,0x44d8f0,716,143,4,2,prologue
0x44d8f0,0x44d8fb,0x44d900,11,7,4,2,prologue
0x44d900,0x44d90b,0x44d910,11,7,4,2,prologue
0x44d910,0x44d968,0x44d970,88,33,4,2,prologue
0x44d970,0x44d99c,0x44d9a0,44,17,4,3,prologue
0x44d9a0,0x44d9bc,0x44d9c0,28,11,7,2,call-target;prologue
0x44d9c0,0x44da61,0x44da70,161,41,7,2,call-target;prologue
0x44da70,0x44da8a,0x44da90,26,12,4,2,prologue
0x44da90,0x44dd9d,0x44dda0,781,230,4,2,prologue
0x44dda0,0x44ddab,0x44ddb0,11,7,4,2,prologue
0x44ddb0,0x44ddbb,0x44ddc0,11,7,4,2,prologue
0x44ddc0,0x44de18,0x44de20,88,33,4,2,prologue
0x44de20,0x44de4c,0x44de50,44,17,4,3,prologue
0x44de50,0x44de6c,0x44de70,28,11,7,2,call-target;prologue
0x44de70,0x44df07,0x44df10,151,39,7,2,call-target;prologue
0x44df10,0x44df1b,0x44df20,11,7,4,2,prologue
0x44df20,0x44dfda,0x44dfe0,186,58,4,2,prologue
0x44dfe0,0x44dfeb,0x44dff0,11,7,4,2,prologue
0x44dff0,0x44dffb,0x44e000,11,7,4,2,prologue
0x44e000,0x44e05b,0x44e060,91,33,4,2,prologue
0x44e060,0x44e08c,0x44e090,44,17,4,3,prologue
0x44e090,0x44e0ac,0x44e0b0,28,11,7,2,call-target;prologue
0x44e0b0,0x44e147,0x44e150,151,39,7,2,call-target;prologue
0x44e150,0x44e15b,0x44e160,11,7,4,2,prologue
0x44e160,0x44e21a,0x44e220,186,58,4,2,prologue
0x44e220,0x44e22b,0x44e230,11,7,4,2,prologue
0x44e230,0x44e23b,0x44e240,11,7,4,2,prologue
0x44e240,0x44e29b,0x44e2a0,91,33,4,2,prologue
0x44e2a0,0x44e2cc,0x44e2d0,44,17,4,3,prologue
0x44e2d0,0x44e2ec,0x44e2f0,28,11,7,2,call-target;prologue
0x44e2f0,0x44e391,0x44e3a0,161,41,7,2,call-target;prologue
0x44e3a0,0x44e3cd,0x44e3d0,45,17,4,3,prologue
0x44e3d0,0x44e738,0x44e740,872,208,4,2,prologue
0x44e740,0x44e74b,0x44e750,11,7,4,2,prologue
0x44e750,0x44e75b,0x44e760,11,7,4,2,prologue
0x44e760,0x44e7bb,0x44e7c0,91,33,4,2,prologue
0x44e7c0,0x44e7ec,0x44e7f0,44,17,4,3,prologue
0x44e7f0,0x44e80c,0x44e810,28,11,7,2,call-target;prologue
0x44e810,0x44e8c5,0x44e8d0,181,45,7,2,call-target;prologue
0x44e8d0,0x44e92e,0x44e930,94,32,4,4,prologue
0x44e930,0x44f229,0x44f230,2297,537,4,5,prologue
0x44f230,0x44f23b,0x44f240,11,7,4,2,prologue
0x44f240,0x44f24b,0x44f250,11,7,4,2,prologue
0x44f250,0x44f2ab,0x44f2b0,91,33,4,2,prologue
0x44f2b0,0x44f2dc,0x44f2e0,44,17,4,3,prologue
0x44f2e0,0x44f2fc,0x44f300,28,11,7,2,call-target;prologue
0x44f300,0x44f397,0x44f3a0,151,39,7,2,call-target;prologue
0x44f3a0,0x44f3ab,0x44f3b0,11,7,4,2,prologue
0x44f3b0,0x44f46a,0x44f470,186,58,4,2,prologue
0x44f470,0x44f47b,0x44f480,11,7,4,2,prologue
0x44f480,0x44f48b,0x44f490,11,7,4,2,prologue
0x44f490,0x44f4eb,0x44f4f0,91,33,4,2,prologue
0x44f4f0,0x44f51c,0x44f520,44,17,4,3,prologue
0x44f520,0x44f53c,0x44f540,28,11,7,2,call-target;prologue
0x44f540,0x44f5d7,0x44f5e0,151,39,7,2,call-target;prologue
0x44f5e0,0x44f5eb,0x44f5f0,11,7,4,2,prologue
0x44f5f0,0x44f6aa,0x44f6b0,186,58,4,2,prologue
0x44f6b0,0x44f6bb,0x44f6c0,11,7,4,2,prologue
0x44f6c0,0x44f6cb,0x44f6d0,11,7,4,2,prologue
0x44f6d0,0x44f72b,0x44f730,91,33,4,2,prologue
0x44f730,0x44f75c,0x44f760,44,17,4,3,prologue
0x44f760,0x44f77c,0x44f780,28,11,7,2,call-target;prologue
0x44f780,0x44f821,0x44f830,161,41,7,2,call-target;prologue
0x44f830,0x44f84a,0x44f850,26,12,4,2,prologue
0x44f850,0x44fae6,0x44faf0,662,199,4,2,prologue
0x44faf0,0x44fd33,0x44fd40,579,135,4,2,prologue
0x44fd40,0x450034,0x450040,756,150,4,2,prologue
0x450040,0x450098,0x4500a0,88,33,4,2,prologue
0x4500a0,0x4500cc,0x4500d0,44,17,4,3,prologue
0x4500d0,0x4500ec,0x4500f0,28,11,7,2,call-target;prologue
0x4500f0,0x450187,0x450190,151,39,7,2,call-target;prologue
0x450190,0x45019b,0x4501a0,11,7,4,2,prologue
0x4501a0,0x45025a,0x450260,186,58,4,2,prologue
0x450260,0x45026b,0x450270,11,7,4,2,prologue
0x450270,0x45027b,0x450280,11,7,4,2,prologue
0x450280,0x4502db,0x4502e0,91,33,4,2,prologue
0x4502e0,0x45030c,0x450310,44,17,4,3,prologue
0x450310,0x45032c,0x450330,28,11,7,2,call-target;prologue
0x450330,0x4503d1,0x4503e0,161,41,7,2,call-target;prologue
0x4503e0,0x450417,0x450420,55,20,4,3,prologue
0x450420,0x45080d,0x450810,1005,238,4,2,prologue
0x450810,0x45081b,0x450820,11,7,4,2,prologue
0x450820,0x45082b,0x450830,11,7,4,2,prologue
0x450830,0x45088b,0x450890,91,33,4,2,prologue
0x450890,0x4508bc,0x4508c0,44,17,4,3,prologue
0x4508c0,0x4508dc,0x4508e0,28,11,7,2,call-target;prologue
0x4508e0,0x450977,0x450980,151,39,7,2,call-target;prologue
0x450980,0x45098b,0x450990,11,7,4,2,prologue
0x450990,0x450a4a,0x450a50,186,58,4,2,prologue
0x450a50,0x450a5b,0x450a60,11,7,4,2,prologue
0x450a60,0x450a6b,0x450a70,11,7,4,2,prologue
0x450a70,0x450acb,0x450ad0,91,33,4,2,prologue
0x450ad0,0x450afc,0x450b00,44,17,4,3,prologue
0x450b00,0x450b1c,0x450b20,28,11,7,2,call-target;prologue
0x450b20,0x450bcb,0x450bd0,171,43,7,2,call-target;prologue
0x450bd0,0x450c0c,0x450c10,60,22,4,3,prologue
0x450c10,0x450ecb,0x450ed0,699,213,4,2,prologue
0x450ed0,0x450edb,0x450ee0,11,7,4,2,prologue
0x450ee0,0x451078,0x451080,408,84,4,2,prologue
0x451080,0x4510db,0x4510e0,91,33,4,2,prologue
0x4510e0,0x45110c,0x451110,44,17,4,3,prologue
0x451110,0x45112c,0x451130,28,11,7,2,call-target;prologue
0x451130,0x4511c7,0x4511d0,151,39,7,2,call-target;prologue
0x4511d0,0x4511db,0x4511e0,11,7,4,2,prologue
0x4511e0,0x45129a,0x4512a0,186,58,4,2,prologue
0x4512a0,0x4512ab,0x4512b0,11,7,4,2,prologue
0x4512b0,0x4512bb,0x4512c0,11,7,4,2,prologue
0x4512c0,0x45131b,0x451320,91,33,4,2,prologue
0x451320,0x45134c,0x451350,44,17,4,3,prologue
0x451350,0x45136c,0x451370,28,11,7,2,call-target;prologue
0x451370,0x451411,0x451420,161,41,7,2,call-target;prologue
0x451420,0x45143a,0x451440,26,12,4,2,prologue
0x451440,0x4519e9,0x4519f0,1449,300,4,5,prologue
0x4519f0,0x4519fb,0x451a00,11,7,4,2,prologue
0x451a00,0x451bbe,0x451bc0,446,92,4,2,prologue
0x451bc0,0x451c18,0x451c20,88,33,4,2,prologue
0x451c20,0x451c4c,0x451c50,44,17,4,3,prologue
0x451c50,0x451c6c,0x451c70,28,11,7,2,call-target;prologue
0x451c70,0x451d07,0x451d10,151,39,7,2,call-target;prologue
0x451d10,0x451d1b,0x451d20,11,7,4,2,prologue
0x451d20,0x451dda,0x451de0,186,58,4,2,prologue
0x451de0,0x451deb,0x451df0,11,7,4,2,prologue
0x451df0,0x451dfb,0x451e00,11,7,4,2,prologue
0x451e00,0x451e5b,0x451e60,91,33,4,2,prologue
0x451e60,0x451e8c,0x451e90,44,17,4,3,prologue
0x451e90,0x451eac,0x451eb0,28,11,7,2,call-target;prologue
0x451eb0,0x452196,0x4521a0,742,213,7,30,call-target;prologue
0x4521a0,0x452224,0x452230,132,44,7,5,call-target;prologue
0x452230,0x452351,0x452360,289,82,7,6,call-target;prologue
0x452360,0x452490,0x452490,304,86,7,11,call-target;prologue
0x452490,0x452b30,0x452b30,1696,393,7,37,call-target;prologue
0x452b30,0x452c07,0x452c10,215,51,7,5,call-target;prologue
0x452c10,0x452f01,0x452f10,753,173,7,11,call-target;prologue
0x452f10,0x453a0f,0x453a10,2815,703,7,53,call-target;prologue
0x453a10,0x453a69,0x453a70,89,19,7,2,call-target;prologue
0x453a70,0x453ab1,0x453ac0,65,27,7,2,call-target;prologue
0x453ac0,0x453b48,0x453b50,136,53,7,4,call-target;prologue
0x453b50,0x453bdc,0x453be0,140,55,7,4,call-target;prologue
0x453be0,0x453c71,0x453c80,145,57,7,4,call-target;prologue
0x453c80,0x453cb9,0x453cc0,57,24,7,2,call-target;prologue
0x453cc0,0x453cf9,0x453d00,57,24,4,2,prologue
0x453d00,0x453d3d,0x453d40,61,26,4,2,prologue
0x453d40,0x453d60,0x453d60,32,12,7,1,call-target;prologue
0x453d60,0x453d7d,0x453d80,29,11,7,2,call-target;prologue
0x453d80,0x453e15,0x453e20,149,48,4,2,prologue
0x453e20,0x453e53,0x453e60,51,15,7,2,call-target;prologue
0x453e60,0x453e79,0x453e80,25,11,7,2,call-target;prologue
0x453e80,0x453ea5,0x453eb0,37,14,7,4,call-target;prologue
0x453eb0,0x453f65,0x453f70,181,50,7,9,call-target;prologue
0x453f70,0x454836,0x454840,2246,554,4,20,prologue
0x454840,0x4549ba,0x4549c0,378,101,7,4,call-target;prologue
0x4549c0,0x454a65,0x454a70,165,53,7,4,call-target;prologue
0x454a70,0x454a93,0x454aa0,35,12,7,2,call-target;prologue
0x454aa0,0x454bb8,0x454bc0,280,86,7,4,call-target;prologue
0x454bc0,0x454bfd,0x454c00,61,20,7,2,call-target;prologue
0x454c00,0x454c18,0x454c20,24,9,4,2,prologue
0x454c20,0x454ce1,0x454d00,193,51,7,11,call-target;prologue
0x454d00,0x454d4f,0x454d50,79,20,7,2,call-target;prologue
0x454d50,0x454d70,0x454d70,32,13,7,1,call-target;prologue
0x454d70,0x454e0d,0x454e10,157,54,7,4,call-target;prologue
0x454e10,0x454e30,0x454e30,32,13,7,1,call-target;prologue
0x454e30,0x454ed4,0x454ee0,164,55,7,4,call-target;prologue
0x454ee0,0x454f65,0x454f70,133,44,7,7,call-target;prologue
0x454f70,0x454f8f,0x454f90,31,15,4,2,prologue
0x454f90,0x454fca,0x454fd0,58,19,7,4,call-target;prologue
0x454fd0,0x45500d,0x455010,61,19,7,4,call-target;prologue
0x455010,0x455070,0x455070,96,31,7,3,call-target;prologue
0x455070,0x4550a8,0x4550b0,56,19,7,4,call-target;prologue
0x4550b0,0x455132,0x455140,130,46,7,5,call-target;prologue
0x455140,0x4554f0,0x455580,944,261,7,47,call-target;prologue
0x455580,0x45560b,0x455610,139,40,7,5,call-target;prologue
0x455610,0x45563c,0x455640,44,18,7,2,call-target;prologue
0x455640,0x455766,0x455770,294,69,7,4,call-target;prologue
0x455770,0x4557df,0x4557e0,111,29,4,2,prologue
0x4557e0,0x4557f5,0x455800,21,9,4,2,prologue
0x455800,0x455ab7,0x455b30,695,206,7,38,call-target;prologue
0x455b30,0x455c34,0x455c40,260,79,7,2,call-target;prologue
0x455c40,0x455c5d,0x455c60,29,13,7,2,call-target;prologue
0x455c60,0x455c99,0x455ca0,57,22,7,2,call-target;prologue
0x455ca0,0x455d0c,0x455d10,108,44,7,2,call-target;prologue
0x455d10,0x455d2b,0x455d30,27,12,7,2,call-target;prologue
0x455d30,0x455e36,0x455e40,262,100,7,9,call-target;prologue
0x455e40,0x456431,0x456440,1521,441,7,31,call-target;prologue
0x456440,0x456522,0x456530,226,80,7,6,call-target;prologue
0x456530,0x456559,0x456560,41,16,7,2,call-target;prologue
0x456560,0x456586,0x456590,38,15,7,2,call-target;prologue
0x456590,0x4565d2,0x4565e0,66,25,7,4,call-target;prologue
0x4565e0,0x456626,0x456630,70,32,7,2,call-target;prologue
0x456630,0x456676,0x456680,70,32,7,2,call-target;prologue
0x456680,0x4566b3,0x4566c0,51,20,7,5,call-target;prologue
0x4566c0,0x4566cb,0x4566d0,11,7,7,2,call-target;prologue
0x4566d0,0x456721,0x456730,81,31,7,4,call-target;prologue
0x456730,0x456785,0x456790,85,32,7,5,call-target;prologue
0x456790,0x4567ad,0x4567b0,29,13,7,2,call-target;prologue
0x4567b0,0x456909,0x456910,345,86,7,4,call-target;prologue
0x456910,0x456b5c,0x456b60,588,159,7,17,call-target;prologue
0x456b60,0x457002,0x457010,1186,272,7,16,call-target;prologue
0x457010,0x45748f,0x457490,1151,220,7,2,call-target;prologue
0x457490,0x4574af,0x4574b0,31,12,7,2,call-target;prologue
0x4574b0,0x4574c9,0x4574d0,25,10,7,2,call-target;prologue
0x4574d0,0x457655,0x457660,389,89,7,4,call-target;prologue
0x457660,0x4584d0,0x4584d0,3696,1091,7,24,call-target;prologue
0x4584d0,0x458646,0x458650,374,79,7,8,call-target;prologue
0x458650,0x45866f,0x458670,31,12,7,2,call-target;prologue
0x458670,0x458687,0x458690,23,10,7,2,call-target;prologue
0x458690,0x4586bc,0x4586c0,44,17,7,3,call-target;prologue
0x4586c0,0x458708,0x458710,72,20,7,2,call-target;prologue
0x458710,0x45873c,0x458740,44,17,7,3,call-target;prologue
0x458740,0x45876c,0x458770,44,17,7,3,call-target;prologue
0x458770,0x458786,0x458790,22,10,7,2,call-target;prologue
0x458790,0x4587d6,0x4587e0,70,26,7,3,call-target;prologue
0x4587e0,0x458871,0x458880,145,41,7,2,call-target;prologue
0x458880,0x4588af,0x4588b0,47,18,7,2,call-target;prologue
0x4588b0,0x4588db,0x4588e0,43,17,7,3,call-target;prologue
0x4588e0,0x458954,0x458960,116,32,7,2,call-target;prologue
0x458960,0x4589bd,0x4589c0,93,25,7,2,call-target;prologue
0x4589c0,0x4589ea,0x4589f0,42,16,7,2,call-target;prologue
0x4589f0,0x458a03,0x458a10,19,9,7,2,call-target;prologue
0x458a10,0x458a73,0x458a80,99,39,7,4,call-target;prologue
0x458a80,0x458a93,0x458aa0,19,9,7,2,call-target;prologue
0x458aa0,0x458aca,0x458ad0,42,16,7,2,call-target;prologue
0x458ad0,0x458ae3,0x458af0,19,9,7,2,call-target;prologue
0x458af0,0x458b21,0x458b30,49,19,7,2,call-target;prologue
0x458b30,0x458b4d,0x458b50,29,13,7,2,call-target;prologue
0x458b50,0x458b63,0x458b70,19,9,7,2,call-target;prologue
0x458b70,0x458b9a,0x458ba0,42,16,7,2,call-target;prologue
0x458ba0,0x458bb3,0x458bc0,19,9,7,2,call-target;prologue
0x458bc0,0x458bf1,0x458c00,49,19,7,2,call-target;prologue
0x458c00,0x458c1d,0x458c20,29,13,7,2,call-target;prologue
0x458c20,0x458c33,0x458c40,19,9,7,2,call-target;prologue
0x458c40,0x458c74,0x458c80,52,19,7,4,call-target;prologue
0x458c80,0x458c9f,0x458ca0,31,13,7,2,call-target;prologue
0x458ca0,0x458d12,0x458d20,114,41,7,4,call-target;prologue
0x458d20,0x458d9e,0x458da0,126,41,7,6,call-target;prologue
0x458da0,0x458e07,0x458e10,103,35,7,3,call-target;prologue
0x458e10,0x458e3e,0x458e40,46,20,7,2,call-target;prologue
0x458e40,0x458e5c,0x458e60,28,12,7,2,call-target;prologue
0x458e60,0x458e6e,0x458e70,14,8,7,2,call-target;prologue
0x458e70,0x458f33,0x458f40,195,50,7,2,call-target;prologue
0x458f40,0x458fbe,0x458fc0,126,41,7,6,call-target;prologue
0x458fc0,0x45902e,0x459030,110,38,7,3,call-target;prologue
0x459030,0x45904c,0x459050,28,12,7,2,call-target;prologue
0x459050,0x45905e,0x459060,14,8,7,2,call-target;prologue
0x459060,0x4590c0,0x4590c0,96,38,7,1,call-target;prologue
0x4590c0,0x45913e,0x459140,126,41,7,6,call-target;prologue
0x459140,0x4591a7,0x4591b0,103,35,7,3,call-target;prologue
0x4591b0,0x4591cc,0x4591d0,28,12,7,2,call-target;prologue
0x4591d0,0x4591de,0x4591e0,14,8,7,2,call-target;prologue
0x4591e0,0x459381,0x459390,417,128,7,2,call-target;prologue
0x459390,0x459460,0x459460,208,72,7,3,call-target;prologue
0x459460,0x459473,0x459480,19,9,7,2,call-target;prologue
0x459480,0x4594a1,0x4594b0,33,15,7,2,call-target;prologue
0x4594b0,0x4597de,0x4597e0,814,279,7,15,call-target;prologue
0x4597e0,0x45983a,0x459840,90,26,7,2,call-target;prologue
0x459840,0x459850,0x459850,16,8,7,1,call-target;prologue
0x459850,0x459869,0x459870,25,11,7,2,call-target;prologue
0x459870,0x45988b,0x459890,27,12,7,2,call-target;prologue
0x459890,0x4598af,0x4598b0,31,13,7,2,call-target;prologue
0x4598b0,0x4598c3,0x4598d0,19,9,7,2,call-target;prologue
0x4598d0,0x4598f1,0x459900,33,15,7,2,call-target;prologue
0x459900,0x459963,0x459970,99,38,7,3,call-target;prologue
0x459970,0x459991,0x4599a0,33,15,7,2,call-target;prologue
0x4599a0,0x4599fa,0x459a00,90,26,7,2,call-target;prologue
0x459a00,0x459a10,0x459a10,16,8,7,1,call-target;prologue
0x459a10,0x459a29,0x459a30,25,11,7,2,call-target;prologue
0x459a30,0x459a4b,0x459a50,27,12,7,2,call-target;prologue
0x459a50,0x459a6f,0x459a70,31,13,7,2,call-target;prologue
0x459a70,0x459a83,0x459a90,19,9,7,2,call-target;prologue
0x459a90,0x459ab1,0x459ac0,33,15,7,2,call-target;prologue
0x459ac0,0x459b23,0x459b30,99,38,7,3,call-target;prologue
0x459b30,0x459b51,0x459b60,33,15,7,2,call-target;prologue
0x459b60,0x459bba,0x459bc0,90,26,7,2,call-target;prologue
0x459bc0,0x459bd0,0x459bd0,16,8,7,1,call-target;prologue
0x459bd0,0x459be9,0x459bf0,25,11,7,2,call-target;prologue
0x459bf0,0x459c0b,0x459c10,27,12,7,2,call-target;prologue
0x459c10,0x459c33,0x459c40,35,14,7,2,call-target;prologue
0x459c40,0x459c5f,0x459c60,31,13,7,2,call-target;prologue
0x459c60,0x459c7f,0x459c80,31,13,7,2,call-target;prologue
0x459c80,0x459cac,0x459cb0,44,15,7,4,call-target;prologue
0x459cb0,0x45a0fd,0x45a100,1101,284,7,15,call-target;prologue
0x45a100,0x45a12c,0x45a130,44,15,7,4,call-target;prologue
0x45a130,0x45a44c,0x45a450,796,273,7,15,call-target;prologue
0x45a450,0x45a47c,0x45a480,44,15,7,4,call-target;prologue
0x45a480,0x45a49a,0x45a4a0,26,12,7,2,call-target;prologue
0x45a4a0,0x45a4c1,0x45a4d0,33,15,7,2,call-target;prologue
0x45a4d0,0x45a4f1,0x45a500,33,15,7,2,call-target;prologue
0x45a500,0x45a539,0x45a540,57,21,7,4,call-target;prologue
0x45a540,0x45a56e,0x45a570,46,20,7,2,call-target;prologue
0x45a570,0x45a5a4,0x45a5b0,52,19,7,4,call-target;prologue
0x45a5b0,0x45a5de,0x45a5e0,46,20,7,2,call-target;prologue
0x45a5e0,0x45a5fc,0x45a600,28,14,7,2,call-target;prologue
0x45a600,0x45a61c,0x45a620,28,14,7,2,call-target;prologue
0x45a620,0x45a652,0x45a660,50,20,7,2,call-target;prologue
0x45a660,0x45a697,0x45a6a0,55,25,7,2,call-target;prologue
0x45a6a0,0x45a6c5,0x45a6d0,37,17,7,2,call-target;prologue
0x45a6d0,0x45a703,0x45a710,51,23,7,2,call-target;prologue
0x45a710,0x45a735,0x45a740,37,17,7,2,call-target;prologue
0x45a740,0x45a776,0x45a780,54,22,7,5,call-target;prologue
0x45a780,0x45a7b3,0x45a7c0,51,23,7,2,call-target;prologue
0x45a7c0,0x45a7d4,0x45a7e0,20,9,7,2,call-target;prologue
0x45a7e0,0x45a813,0x45a820,51,23,7,2,call-target;prologue
0x45a820,0x45a853,0x45a860,51,23,7,2,call-target;prologue
0x45a860,0x45a874,0x45a880,20,9,7,2,call-target;prologue
0x45a880,0x45a8b3,0x45a8c0,51,23,7,2,call-target;prologue
0x45a8c0,0x45a8f3,0x45a900,51,23,7,2,call-target;prologue
0x45a900,0x45a914,0x45a920,20,9,7,2,call-target;prologue
0x45a920,0x45a945,0x45a950,37,17,7,2,call-target;prologue
0x45a950,0x45a976,0x45a980,38,16,7,5,call-target;prologue
0x45a980,0x45a9b3,0x45a9c0,51,23,7,2,call-target;prologue
0x45a9c0,0x45a9e5,0x45a9f0,37,17,7,2,call-target;prologue
0x45a9f0,0x45aa14,0x45aa20,36,16,7,5,call-target;prologue
0x45aa20,0x45aa53,0x45aa60,51,23,7,2,call-target;prologue
0x45aa60,0x45aa97,0x45aaa0,55,25,7,2,call-target;prologue
0x45aaa0,0x45aad7,0x45aae0,55,25,7,2,call-target;prologue
0x45aae0,0x45ac50,0x45ac50,368,118,7,1,call-target;prologue
0x45ac50,0x45adcd,0x45add0,381,133,7,7,call-target;prologue
0x45add0,0x45adf5,0x45ae00,37,15,7,2,call-target;prologue
0x45ae00,0x45ae0b,0x45ae10,11,7,7,2,call-target;prologue
0x45ae10,0x45aead,0x45aeb0,157,57,7,10,call-target;prologue
0x45aeb0,0x45aee7,0x45aef0,55,25,7,2,call-target;prologue
0x45aef0,0x45af16,0x45af20,38,16,7,5,call-target;prologue
0x45af20,0x45af57,0x45af60,55,25,7,2,call-target;prologue
0x45af60,0x45afa0,0x45afa0,64,25,7,3,call-target;prologue
0x45afa0,0x45afab,0x45afb0,11,7,7,2,call-target;prologue
0x45afb0,0x45afe2,0x45aff0,50,20,7,5,call-target;prologue
0x45aff0,0x45b016,0x45b020,38,16,7,5,call-target;prologue
0x45b020,0x45b02b,0x45b030,11,7,7,2,call-target;prologue
0x45b030,0x45b061,0x45b070,49,21,7,2,call-target;prologue
0x45b070,0x45b075,0x45b080,5,4,7,2,call-target;prologue
0x45b080,0x45b0b7,0x45b0c0,55,25,7,2,call-target;prologue
0x45b0c0,0x45b0f0,0x45b0f0,48,19,7,3,call-target;prologue
0x45b0f0,0x45b127,0x45b130,55,25,7,2,call-target;prologue
0x45b130,0x45b163,0x45b170,51,22,7,2,call-target;prologue
0x45b170,0x45b20d,0x45b210,157,57,7,10,call-target;prologue
0x45b210,0x45b229,0x45b230,25,12,7,2,call-target;prologue
0x45b230,0x45b263,0x45b270,51,23,7,2,call-target;prologue
0x45b270,0x45b28d,0x45b290,29,13,7,2,call-target;prologue
0x45b290,0x45b2a9,0x45b2b0,25,11,7,2,call-target;prologue
0x45b2b0,0x45b2cd,0x45b2d0,29,13,7,2,call-target;prologue
0x45b2d0,0x45b2e9,0x45b2f0,25,11,7,2,call-target;prologue
0x45b2f0,0x45b2fb,0x45b300,11,7,7,2,call-target;prologue
0x45b300,0x45b3bd,0x45b3c0,189,66,7,10,call-target;prologue
0x45b3c0,0x45b462,0x45b470,162,59,7,10,call-target;prologue
0x45b470,0x45b512,0x45b520,162,59,7,10,call-target;prologue
0x45b520,0x45b551,0x45b560,49,21,7,2,call-target;prologue
0x45b560,0x45b58b,0x45b590,43,18,7,5,call-target;prologue
0x45b590,0x45b5d2,0x45b5e0,66,26,7,5,call-target;prologue
0x45b5e0,0x45b62c,0x45b630,76,28,7,4,call-target;prologue
0x45b630,0x45b635,0x45b640,5,4,7,2,call-target;prologue
0x45b640,0x45b6ac,0x45b6b0,108,32,7,4,call-target;prologue
0x45b6b0,0x45b6bf,0x45b6c0,15,7,7,2,call-target;prologue
0x45b6c0,0x45b6ec,0x45b6f0,44,17,7,3,call-target;prologue
0x45b6f0,0x45b70b,0x45b710,27,13,7,2,call-target;prologue
0x45b710,0x45b731,0x45b740,33,15,7,2,call-target;prologue
0x45b740,0x45b75c,0x45b760,28,14,7,2,call-target;prologue
0x45b760,0x45b82b,0x45b830,203,42,7,2,call-target;prologue
0x45b830,0x45b845,0x45b850,21,9,7,2,call-target;prologue
0x45b850,0x45b85d,0x45b860,13,7,7,2,call-target;prologue
0x45b860,0x45b87d,0x45b880,29,11,7,2,call-target;prologue
0x45b880,0x45b915,0x45b920,149,48,4,2,prologue
0x45b920,0x45b9a3,0x45b9b0,131,38,7,5,call-target;prologue
0x45b9b0,0x45ba05,0x45ba10,85,25,7,2,call-target;prologue
0x45ba10,0x45ba25,0x45ba30,21,10,7,2,call-target;prologue
0x45ba30,0x45bb0d,0x45bb10,221,72,7,9,call-target;prologue
0x45bb10,0x45bc2a,0x45bc30,282,87,7,3,call-target;prologue
0x45bc30,0x45bcd6,0x45bce0,166,58,7,7,call-target;prologue
0x45bce0,0x45bdaf,0x45bdb0,207,69,7,9,call-target;prologue
0x45bdb0,0x45bed8,0x45bee0,296,98,7,12,call-target;prologue
0x45bee0,0x45bf28,0x45bf30,72,21,4,2,prologue
0x45bf30,0x45bf43,0x45bf50,19,9,4,2,prologue
0x45bf50,0x45bf61,0x45bf70,17,9,7,2,call-target;prologue
0x45bf70,0x45bfb4,0x45bfc0,68,25,7,3,call-target;prologue
0x45bfc0,0x45c099,0x45c0a0,217,77,7,5,call-target;prologue
0x45c0a0,0x45c0db,0x45c0e0,59,25,7,2,call-target;prologue
0x45c0e0,0x45c0f3,0x45c100,19,9,7,2,call-target;prologue
0x45c100,0x45c206,0x45c210,262,100,7,9,call-target;prologue
0x45c210,0x45c26a,0x45c270,90,26,7,2,call-target;prologue
0x45c270,0x45c478,0x45c480,520,186,7,8,call-target;prologue
0x45c480,0x45c531,0x45c540,177,60,7,8,call-target;prologue
0x45c540,0x45c575,0x45c580,53,20,7,2,call-target;prologue
0x45c580,0x45c58e,0x45c590,14,8,7,2,call-target;prologue
0x45c590,0x45c5ab,0x45c5b0,27,12,7,2,call-target;prologue
0x45c5b0,0x45c5cd,0x45c5d0,29,13,7,2,call-target;prologue
0x45c5d0,0x45c609,0x45c610,57,22,7,2,call-target;prologue
0x45c610,0x45c626,0x45c630,22,10,7,2,call-target;prologue
0x45c630,0x45c649,0x45c650,25,12,7,2,call-target;prologue
0x45c650,0x45c6f4,0x45c700,164,55,7,4,call-target;prologue
0x45c700,0x45c79a,0x45c7a0,154,54,7,4,call-target;prologue
0x45c7a0,0x45c7fa,0x45c800,90,26,7,2,call-target;prologue
0x45c800,0x45c81c,0x45c820,28,12,7,2,call-target;prologue
0x45c820,0x45c830,0x45c830,16,8,7,1,call-target;prologue
0x45c830,0x45c849,0x45c850,25,11,7,2,call-target;prologue
0x45c850,0x45c869,0x45c870,25,11,7,2,call-target;prologue
0x45c870,0x45c88b,0x45c890,27,12,7,2,call-target;prologue
0x45c890,0x45c8a9,0x45c8b0,25,11,7,2,call-target;prologue
0x45c8b0,0x45c8cf,0x45c8d0,31,13,7,2,call-target;prologue
0x45c8d0,0x45c8f9,0x45c900,41,16,7,2,call-target;prologue
0x45c900,0x45c919,0x45c920,25,11,7,2,call-target;prologue
0x45c920,0x45c94c,0x45c950,44,15,7,4,call-target;prologue
0x45c950,0x45c992,0x45c9a0,66,25,7,4,call-target;prologue
0x45c9a0,0x45c9e6,0x45c9f0,70,32,7,2,call-target;prologue
0x45c9f0,0x45ca36,0x45ca40,70,32,7,2,call-target;prologue
0x45ca40,0x45ca77,0x45ca80,55,25,7,2,call-target;prologue
0x45ca80,0x45cab7,0x45cac0,55,25,7,2,call-target;prologue
0x45cac0,0x45caf3,0x45cb00,51,23,7,2,call-target;prologue
0x45cb00,0x45cb14,0x45cb20,20,9,7,2,call-target;prologue
0x45cb20,0x45cb5a,0x45cb60,58,22,7,4,call-target;prologue
0x45cb60,0x45cb70,0x45cb70,16,8,7,1,call-target;prologue
0x45cb70,0x45cb84,0x45cb90,20,9,7,2,call-target;prologue
0x45cb90,0x45cb95,0x45cba0,5,4,7,2,call-target;prologue
0x45cba0,0x45cba5,0x45cbb0,5,4,7,2,call-target;prologue
0x45cbb0,0x45cbbb,0x45cbc0,11,7,7,2,call-target;prologue
0x45cbc0,0x45cc11,0x45cc20,81,31,7,4,call-target;prologue
0x45cc20,0x45cc75,0x45cc80,85,32,7,5,call-target;prologue
0x45cc80,0x45cc8b,0x45cc90,11,7,7,2,call-target;prologue
0x45cc90,0x45ccc1,0x45ccd0,49,21,7,2,call-target;prologue
0x45ccd0,0x45cce9,0x45ccf0,25,12,7,2,call-target;prologue
0x45ccf0,0x45ccf5,0x45cd00,5,4,7,2,call-target;prologue
0x45cd00,0x45cd1d,0x45cd20,29,13,7,2,call-target;prologue
0x45cd20,0x45cd4b,0x45cd50,43,18,7,5,call-target;prologue
0x45cd50,0x45cd69,0x45cd70,25,10,7,2,call-target;prologue
0x45cd70,0x45cdbb,0x45cdc0,75,24,7,3,call-target;prologue
0x45cdc0,0x45ce09,0x45ce10,73,19,7,2,call-target;prologue
0x45ce10,0x45d596,0x45d5d0,1926,491,7,42,call-target;prologue
0x45d5d0,0x45d641,0x45d650,113,43,7,4,call-target;prologue
0x45d650,0x45d69e,0x45d6a0,78,23,7,4,call-target;prologue
0x45d6a0,0x45d6e8,0x45d6f0,72,23,7,2,call-target;prologue
0x45d6f0,0x45d705,0x45d710,21,9,7,2,call-target;prologue
0x45d710,0x45d807,0x45d810,247,64,7,10,call-target;prologue
0x45d810,0x45dd00,0x45dd00,1264,342,7,18,call-target;prologue
0x45dd00,0x45dd42,0x45dd50,66,23,7,4,call-target;prologue
0x45dd50,0x45dd61,0x45dd70,17,9,7,2,call-target;prologue
0x45dd70,0x46cbb7,0x46d000,60999,16837,4,980,prologue
0x46d000,0x46d07e,0x46d080,126,34,7,4,call-target;prologue
0x46d080,0x46d15a,0x46d160,218,52,7,2,call-target;prologue
0x46d160,0x46d1d8,0x46d1e0,120,34,4,4,prologue
0x46d1e0,0x46d2cb,0x46d2d0,235,45,4,2,prologue
0x46d2d0,0x46d2e3,0x46d2f0,19,9,4,2,prologue
0x46d2f0,0x46d2fb,0x46d300,11,7,4,2,prologue
0x46d300,0x470a3d,0x470a40,14141,3801,4,278,prologue
0x470a40,0x470e43,0x470e50,1027,240,4,12,prologue
0x470e50,0x470ed2,0x470f00,130,36,4,11,prologue
0x470f00,0x471dd5,0x471e00,3797,935,4,13,prologue
0x471e00,0x472430,0x472450,1584,353,4,11,prologue
0x472450,0x47245b,0x472460,11,7,4,2,prologue
0x472460,0x47248c,0x472490,44,17,4,3,prologue
0x472490,0x4724a3,0x4724b0,19,9,7,2,call-target;prologue
0x4724b0,0x472886,0x472890,982,283,4,27,prologue
0x472890,0x474b37,0x474b40,8871,2274,4,142,prologue
0x474b40,0x4769a4,0x4769b0,7780,1985,4,134,prologue
0x4769b0,0x476a36,0x476a40,134,33,7,2,call-target;prologue
0x476a40,0x483123,0x483300,50915,13357,4,767,prologue
0x483300,0x483315,0x483320,21,10,7,2,call-target;prologue
0x483320,0x483345,0x483350,37,15,7,2,call-target;prologue
0x483350,0x4863c0,0x486550,12400,2882,4,261,prologue
0x486550,0x492b7f,0x492fb0,50735,14260,4,955,prologue
0x492fb0,0x4930a3,0x4930b0,243,56,7,2,call-target;prologue
0x4930b0,0x493128,0x493130,120,34,4,4,prologue
0x493130,0x49343c,0x493440,780,157,4,5,prologue
0x493440,0x493453,0x493460,19,9,4,2,prologue
0x493460,0x49346b,0x493470,11,7,4,2,prologue
0x493470,0x496c58,0x496c60,14312,3841,4,268,prologue
0x496c60,0x497063,0x497070,1027,240,4,12,prologue
0x497070,0x49757b,0x497580,1291,273,4,9,prologue
0x497580,0x497602,0x497630,130,36,4,10,prologue
0x497630,0x498516,0x498540,3814,937,4,13,prologue
0x498540,0x498b70,0x498b90,1584,353,4,11,prologue
0x498b90,0x498bbc,0x498bc0,44,17,4,3,prologue
0x498bc0,0x498bd3,0x498be0,19,9,7,2,call-target;prologue
0x498be0,0x49902b,0x499030,1099,316,4,30,prologue
0x499030,0x49b070,0x49b070,8256,2125,4,127,prologue
0x49b070,0x49c841,0x49c850,6097,1554,4,106,prologue
0x49c850,0x49c8e2,0x49c8f0,146,35,7,2,call-target;prologue
0x49c8f0,0x4a7ef4,0x4a80f0,46596,12297,4,626,prologue
0x4a80f0,0x4a904f,0x4a9050,3935,1014,7,61,call-target;prologue
0x4a9050,0x4abec6,0x4ac040,11894,2765,4,248,prologue
0x4ac040,0x4c03ac,0x4c0820,82796,22721,4,1118,prologue
0x4c0820,0x4c0913,0x4c0920,243,56,7,2,call-target;prologue
0x4c0920,0x4c0998,0x4c09a0,120,34,4,4,prologue
0x4c09a0,0x4c0a97,0x4c0aa0,247,47,4,2,prologue
0x4c0aa0,0x4c0ab3,0x4c0ac0,19,9,4,2,prologue
0x4c0ac0,0x4c0acb,0x4c0ad0,11,7,4,2,prologue
0x4c0ad0,0x4c49b2,0x4c49c0,16098,4256,4,311,prologue
0x4c49c0,0x4c509d,0x4c50a0,1757,413,4,26,prologue
0x4c50a0,0x4c5122,0x4c5150,130,36,4,10,prologue
0x4c5150,0x4c6028,0x4c66a0,3800,935,4,25,prologue
0x4c66a0,0x4c66ab,0x4c66b0,11,7,4,2,prologue
0x4c66b0,0x4c66dc,0x4c66e0,44,17,4,3,prologue
0x4c66e0,0x4c66f3,0x4c6700,19,9,7,2,call-target;prologue
0x4c6700,0x4c6b4b,0x4c6b50,1099,316,4,30,prologue
0x4c6b50,0x4c8ccc,0x4c8cd0,8572,2180,4,154,prologue
0x4c8cd0,0x4ca638,0x4ca640,6504,1639,4,125,prologue
0x4ca640,0x4ca6d2,0x4ca6e0,146,35,7,2,call-target;prologue
0x4ca6e0,0x4d4cef,0x4d4ea0,42511,11201,4,592,prologue
0x4d4ea0,0x4d7cf3,0x4d7e70,11859,2756,4,257,prologue
0x4d7e70,0x4e28c1,0x4e2c90,43601,12231,4,812,prologue
0x4e2c90,0x4e2d83,0x4e2d90,243,56,7,2,call-target;prologue
0x4e2d90,0x4e2e08,0x4e2e10,120,34,4,4,prologue
0x4e2e10,0x4e2eef,0x4e2ef0,223,43,4,2,prologue
0x4e2ef0,0x4e2f03,0x4e2f10,19,9,4,2,prologue
0x4e2f10,0x4e2f1b,0x4e2f20,11,7,4,2,prologue
0x4e2f20,0x4e6292,0x4e62a0,13170,3565,4,243,prologue
0x4e62a0,0x4e63a0,0x4e63a0,256,72,4,8,prologue
0x4e63a0,0x4e6422,0x4e6450,130,36,4,10,prologue
0x4e6450,0x4e7328,0x4e79a0,3800,935,4,25,prologue
0x4e79a0,0x4e79ab,0x4e79b0,11,7,4,2,prologue
0x4e79b0,0x4e79dc,0x4e79e0,44,17,4,3,prologue
0x4e79e0,0x4e79f3,0x4e7a00,19,9,7,2,call-target;prologue
0x4e7a00,0x4e7dd6,0x4e7de0,982,283,4,27,prologue
0x4e7de0,0x4ea087,0x4ea090,8871,2274,4,142,prologue
0x4ea090,0x4ebcff,0x4ebd00,7279,1853,4,126,prologue
0x4ebd00,0x4ebd92,0x4ebda0,146,35,7,2,call-target;prologue
0x4ebda0,0x4f3fad,0x4f4170,33293,8789,4,527,prologue
0x4f4170,0x4f44c7,0x4f44d0,855,243,7,16,call-target;prologue
0x4f44d0,0x4f6fd4,0x4f7130,11012,2557,4,227,prologue
0x4f7130,0x501de3,0x5021c0,44211,12442,4,830,prologue
0x5021c0,0x5022b3,0x5022c0,243,56,7,2,call-target;prologue
0x5022c0,0x502338,0x502340,120,34,4,4,prologue
0x502340,0x502413,0x502420,211,41,4,2,prologue
0x502420,0x502433,0x502440,19,9,4,2,prologue
0x502440,0x50244b,0x502450,11,7,4,2,prologue
0x502450,0x505a5f,0x505a60,13839,3751,4,258,prologue
0x505a60,0x506088,0x506090,1576,386,4,23,prologue
0x506090,0x506112,0x506140,130,36,4,10,prologue
0x506140,0x507018,0x507690,3800,935,4,24,prologue
0x507690,0x50769b,0x5076a0,11,7,4,2,prologue
0x5076a0,0x5076cc,0x5076d0,44,17,4,3,prologue
0x5076d0,0x5076e3,0x5076f0,19,9,7,2,call-target;prologue
0x5076f0,0x507b14,0x507b20,1060,305,4,29,prologue
0x507b20,0x5086d8,0x5086e0,3000,775,4,53,prologue
0x5086e0,0x50a4dc,0x50a4e0,7676,1957,4,136,prologue
0x50a4e0,0x50a572,0x50a580,146,35,7,2,call-target;prologue
0x50a580,0x51e403,0x51e640,81539,17435,4,1073,prologue
0x51e640,0x521341,0x5214b0,11521,2669,4,242,prologue
0x5214b0,0x52cb53,0x52cee0,46755,13230,4,904,prologue
0x52cee0,0x52d01a,0x52d020,314,70,7,2,call-target;prologue
0x52d020,0x52d089,0x52d090,105,27,7,2,call-target;prologue
0x52d090,0x52d108,0x52d110,120,34,4,4,prologue
0x52d110,0x52d1f1,0x52d200,225,44,4,2,prologue
0x52d200,0x52d213,0x52d220,19,9,4,2,prologue
0x52d220,0x52d22b,0x52d230,11,7,4,2,prologue
0x52d230,0x5301a2,0x5301b0,12146,3267,4,226,prologue
0x5301b0,0x5305a0,0x5305a0,1008,266,4,14,prologue
0x5305a0,0x530622,0x530650,130,36,4,10,prologue
0x530650,0x53153e,0x531570,3822,941,4,13,prologue
0x531570,0x531ba0,0x531bc0,1584,353,4,11,prologue
0x531bc0,0x531bcb,0x531bd0,11,7,4,2,prologue
0x531bd0,0x531bfc,0x531c00,44,17,4,3,prologue
0x531c00,0x531c38,0x531c40,56,19,7,2,call-target;prologue
0x531c40,0x531c53,0x531c60,19,9,7,2,call-target;prologue
0x531c60,0x531c71,0x531c80,17,9,7,2,call-target;prologue
0x531c80,0x531ca8,0x531cb0,40,17,7,2,call-target;prologue
0x531cb0,0x531cda,0x531ce0,42,17,7,2,call-target;prologue
0x531ce0,0x531d79,0x531d80,153,55,7,5,call-target;prologue
0x531d80,0x531d88,0x531d90,8,5,7,2,call-target;prologue
0x531d90,0x531d9b,0x531da0,11,6,7,2,call-target;prologue
0x531da0,0x531dca,0x531dd0,42,17,7,2,call-target;prologue
0x531dd0,0x531def,0x531df0,31,13,7,2,call-target;prologue
0x531df0,0x531e63,0x531e70,115,42,7,2,call-target;prologue
0x531e70,0x531f2a,0x531f30,186,69,7,3,call-target;prologue
0x531f30,0x53200f,0x532010,223,76,7,5,call-target;prologue
0x532010,0x532074,0x532080,100,35,7,2,call-target;prologue
0x532080,0x5320b5,0x5320c0,53,20,7,2,call-target;prologue
0x5320c0,0x5320ce,0x5320d0,14,8,7,2,call-target;prologue
0x5320d0,0x5320e9,0x5320f0,25,11,7,2,call-target;prologue
0x5320f0,0x532109,0x532110,25,11,7,2,call-target;prologue
0x532110,0x5321ca,0x5321d0,186,63,7,6,call-target;prologue
0x5321d0,0x53224e,0x532250,126,37,7,3,call-target;prologue
0x532250,0x532285,0x532290,53,20,7,2,call-target;prologue
0x532290,0x5322a0,0x5322a0,16,8,7,1,call-target;prologue
0x5322a0,0x5322bb,0x5322c0,27,12,7,2,call-target;prologue
0x5322c0,0x5322dd,0x5322e0,29,13,7,2,call-target;prologue
0x5322e0,0x5322f9,0x532300,25,11,7,2,call-target;prologue
0x532300,0x53231c,0x532320,28,12,7,2,call-target;prologue
0x532320,0x53234a,0x532350,42,16,7,2,call-target;prologue
0x532350,0x532360,0x532360,16,9,7,1,call-target;prologue
0x532360,0x532376,0x532380,22,10,7,2,call-target;prologue
0x532380,0x53239c,0x5323a0,28,12,7,2,call-target;prologue
0x5323a0,0x5323b6,0x5323c0,22,10,7,2,call-target;prologue
0x5323c0,0x5323d8,0x5323e0,24,11,7,2,call-target;prologue
0x5323e0,0x532420,0x532420,64,25,7,1,call-target;prologue
0x532420,0x53244c,0x532450,44,15,7,4,call-target;prologue
0x532450,0x532473,0x532480,35,16,7,2,call-target;prologue
0x532480,0x532485,0x532490,5,4,7,2,call-target;prologue
0x532490,0x5324a0,0x5324a0,16,8,7,1,call-target;prologue
0x5324a0,0x5324b4,0x5324c0,20,9,7,2,call-target;prologue
0x5324c0,0x5324fa,0x532500,58,22,7,4,call-target;prologue
0x532500,0x532505,0x532510,5,4,7,2,call-target;prologue
0x532510,0x532520,0x532520,16,8,7,1,call-target;prologue
0x532520,0x532944,0x532950,1060,305,4,29,prologue
0x532950,0x5349a1,0x5349b0,8273,2137,4,139,prologue
0x5349b0,0x536357,0x536360,6567,1683,4,117,prologue
0x536360,0x5363f2,0x536400,146,35,7,2,call-target;prologue
0x536400,0x54003f,0x540220,39999,10573,4,572,prologue
0x540220,0x540240,0x540240,32,13,7,1,call-target;prologue
0x540240,0x540253,0x540260,19,9,7,2,call-target;prologue
0x540260,0x540279,0x540280,25,12,7,2,call-target;prologue
0x540280,0x54028b,0x540290,11,6,7,2,call-target;prologue
0x540290,0x54309b,0x543210,11787,2735,4,244,prologue
0x543210,0x5515c6,0x551980,58294,16471,4,1055,prologue
0x551980,0x551a95,0x551aa0,277,62,7,2,call-target;prologue
0x551aa0,0x551b18,0x551b20,120,34,4,4,prologue
0x551b20,0x551bcf,0x551bd0,175,35,4,2,prologue
0x551bd0,0x551be3,0x551bf0,19,9,4,2,prologue
0x551bf0,0x551bfb,0x551c00,11,7,4,2,prologue
0x551c00,0x555527,0x555530,14631,3944,4,278,prologue
0x555530,0x555934,0x555940,1028,240,4,12,prologue
0x555940,0x5559c2,0x5559f0,130,36,4,10,prologue
0x5559f0,0x5568c8,0x556f40,3800,935,4,23,prologue
0x556f40,0x556f4b,0x556f50,11,7,4,2,prologue
0x556f50,0x556f7c,0x556f80,44,17,4,3,prologue
0x556f80,0x556f93,0x556fa0,19,9,7,2,call-target;prologue
0x556fa0,0x557376,0x557380,982,283,4,27,prologue
0x557380,0x558f49,0x558f50,7113,1846,4,120,prologue
0x558f50,0x55abd7,0x55abe0,7303,1903,4,135,prologue
0x55abe0,0x55ac72,0x55ac80,146,35,7,2,call-target;prologue
0x55ac80,0x561b90,0x561d40,28432,7653,4,501,prologue
0x561d40,0x564a71,0x564be0,11569,2678,4,241,prologue
0x564be0,0x573d90,0x574100,61872,13596,4,942,prologue
0x574100,0x57420a,0x574210,266,60,7,2,call-target;prologue
0x574210,0x574288,0x574290,120,34,4,4,prologue
0x574290,0x57433f,0x574340,175,35,4,2,prologue
0x574340,0x574353,0x574360,19,9,4,2,prologue
0x574360,0x57436b,0x574370,11,7,4,2,prologue
0x574370,0x57774e,0x577750,13278,3578,4,253,prologue
0x577750,0x577bb1,0x577bc0,1121,261,4,15,prologue
0x577bc0,0x577c42,0x577c70,130,36,4,10,prologue
0x577c70,0x578b48,0x5791c0,3800,935,4,24,prologue
0x5791c0,0x5791cb,0x5791d0,11,7,4,2,prologue
0x5791d0,0x5791fc,0x579200,44,17,4,3,prologue
0x579200,0x579213,0x579220,19,9,7,2,call-target;prologue
0x579220,0x579644,0x579650,1060,305,4,29,prologue
0x579650,0x57b8f7,0x57b900,8871,2274,4,142,prologue
0x57b900,0x57d4d5,0x57d4e0,7125,1806,4,124,prologue
0x57d4e0,0x57d572,0x57d580,146,35,7,2,call-target;prologue
0x57d580,0x5880c5,0x5882b0,43845,11694,4,678,prologue
0x5882b0,0x58ae0e,0x58af60,11102,2571,4,225,prologue
0x58af60,0x596fae,0x597380,49230,13788,4,919,prologue
0x597380,0x597473,0x597480,243,56,7,2,call-target;prologue
0x597480,0x5974f8,0x597500,120,34,4,4,prologue
0x597500,0x597627,0x597630,295,55,4,2,prologue
0x597630,0x597643,0x597650,19,9,4,2,prologue
0x597650,0x59765b,0x597660,11,7,4,2,prologue
0x597660,0x59b48e,0x59b490,15918,4294,4,294,prologue
0x59b490,0x59b737,0x59b740,679,191,4,14,prologue
0x59b740,0x59b7c2,0x59b7f0,130,36,4,10,prologue
0x59b7f0,0x59c6c5,0x59c6f0,3797,935,4,14,prologue
0x59c6f0,0x59cd20,0x59cd40,1584,353,4,11,prologue
0x59cd40,0x59cd4b,0x59cd50,11,7,4,2,prologue
0x59cd50,0x59cd7c,0x59cd80,44,17,4,3,prologue
0x59cd80,0x59cd93,0x59cda0,19,9,7,2,call-target;prologue
0x59cda0,0x59d239,0x59d240,1177,338,4,32,prologue
0x59d240,0x59f4e7,0x59f4f0,8871,2274,4,142,prologue
0x59f4f0,0x5a1556,0x5a1560,8294,2118,4,143,prologue
0x5a1560,0x5a15f2,0x5a1600,146,35,7,2,call-target;prologue
0x5a1600,0x5ac04f,0x5ac250,43599,11620,4,710,prologue
0x5ac250,0x5aed46,0x5aeec0,10998,2556,4,236,prologue
0x5aeec0,0x5c0680,0x5c0ab0,71616,19482,4,1194,prologue
0x5c0ab0,0x5c0ba3,0x5c0bb0,243,56,7,2,call-target;prologue
0x5c0bb0,0x5c0c28,0x5c0c30,120,34,4,4,prologue
0x5c0c30,0x5c0d35,0x5c0d40,261,49,4,2,prologue
0x5c0d40,0x5c0d53,0x5c0d60,19,9,4,2,prologue
0x5c0d60,0x5c0d6b,0x5c0d70,11,7,4,2,prologue
0x5c0d70,0x5c3fa9,0x5c3fb0,12857,3474,4,244,prologue
0x5c3fb0,0x5c431a,0x5c4320,874,237,4,20,prologue
0x5c4320,0x5c43a2,0x5c43d0,130,36,4,10,prologue
0x5c43d0,0x5c52a5,0x5c52d0,3797,935,4,13,prologue
0x5c52d0,0x5c5900,0x5c5920,1584,353,4,11,prologue
0x5c5920,0x5c592b,0x5c5930,11,7,4,2,prologue
0x5c5930,0x5c595c,0x5c5960,44,17,4,3,prologue
0x5c5960,0x5c5973,0x5c5980,19,9,7,2,call-target;prologue
0x5c5980,0x5c5d08,0x5c5d10,904,261,4,25,prologue
0x5c5d10,0x5c7fb7,0x5c7fc0,8871,2274,4,142,prologue
0x5c7fc0,0x5c9c20,0x5c9c20,7264,1840,4,123,prologue
0x5c9c20,0x5c9cb2,0x5c9cc0,146,35,7,2,call-target;prologue
0x5c9cc0,0x5d46ad,0x5d4890,43501,11447,4,621,prologue
0x5d4890,0x5d7268,0x5d73c0,10712,2478,4,217,prologue
0x5d73c0,0x5e1cd2,0x5e2090,43282,12259,4,831,prologue
0x5e2090,0x5e216a,0x5e2170,218,52,7,2,call-target;prologue
0x5e2170,0x5e21e8,0x5e21f0,120,34,4,4,prologue
0x5e21f0,0x5e22db,0x5e22e0,235,45,4,2,prologue
0x5e22e0,0x5e22f3,0x5e2300,19,9,4,2,prologue
0x5e2300,0x5e230b,0x5e2310,11,7,4,2,prologue
0x5e2310,0x5e54f9,0x5e5500,12777,3428,4,248,prologue
0x5e5500,0x5e5903,0x5e5910,1027,240,4,12,prologue
0x5e5910,0x5e5992,0x5e59c0,130,36,4,10,prologue
0x5e59c0,0x5e6895,0x5e68c0,3797,935,4,13,prologue
0x5e68c0,0x5e6ef0,0x5e6f10,1584,353,4,11,prologue
0x5e6f10,0x5e6f1b,0x5e6f20,11,7,4,2,prologue
0x5e6f20,0x5e6f4c,0x5e6f50,44,17,4,3,prologue
0x5e6f50,0x5e6f63,0x5e6f70,19,9,7,2,call-target;prologue
0x5e6f70,0x5e736d,0x5e7370,1021,294,4,28,prologue
0x5e7370,0x5e9617,0x5e9620,8871,2274,4,142,prologue
0x5e9620,0x5eb484,0x5eb490,7780,1985,4,134,prologue
0x5eb490,0x5eb516,0x5eb520,134,33,7,2,call-target;prologue
0x5eb520,0x5f3ba2,0x5f3d60,34434,9378,4,515,prologue
0x5f3d60,0x5f6dd0,0x5f6f60,12400,2882,4,260,prologue
0x5f6f60,0x5f6fee,0x5f6ff0,142,40,7,2,call-target;prologue
0x5f6ff0,0x5f70db,0x5f70e0,235,70,7,7,call-target;prologue
0x5f70e0,0x5f7134,0x5f7140,84,25,7,2,call-target;prologue
0x5f7140,0x5f71e2,0x5f71f0,162,54,7,8,call-target;prologue
0x5f71f0,0x5f78aa,0x5f78b0,1722,582,7,19,call-target;prologue
0x5f78b0,0x5f7a97,0x5f7aa0,487,143,7,9,call-target;prologue
0x5f7aa0,0x5f7cfa,0x5f7d00,602,175,7,9,call-target;prologue
0x5f7d00,0x5f7d72,0x5f7d80,114,41,7,5,call-target;prologue
0x5f7d80,0x5f7e94,0x5f7ea0,276,93,7,12,call-target;prologue
0x5f7ea0,0x5f7ecc,0x5f7ed0,44,17,7,3,call-target;prologue
0x5f7ed0,0x5f7f18,0x5f7f20,72,20,7,2,call-target;prologue
0x5f7f20,0x5f7f6b,0x5f7f70,75,21,7,2,call-target;prologue
0x5f7f70,0x5f7f9a,0x5f7fa0,42,16,7,2,call-target;prologue
0x5f7fa0,0x5f7fb3,0x5f7fc0,19,9,7,2,call-target;prologue
0x5f7fc0,0x5f7ff1,0x5f8000,49,19,7,2,call-target;prologue
0x5f8000,0x5f801d,0x5f8020,29,13,7,2,call-target;prologue
0x5f8020,0x5f8033,0x5f8040,19,9,7,2,call-target;prologue
0x5f8040,0x5f8088,0x5f8090,72,21,4,2,prologue
0x5f8090,0x5f80a3,0x5f80b0,19,9,4,2,prologue
0x5f80b0,0x5f80d3,0x5f80e0,35,15,7,2,call-target;prologue
0x5f80e0,0x5f8109,0x5f8110,41,17,7,2,call-target;prologue
0x5f8110,0x5f8121,0x5f8130,17,9,7,2,call-target;prologue
0x5f8130,0x5f8174,0x5f8180,68,25,7,3,call-target;prologue
0x5f8180,0x5f81ad,0x5f81b0,45,18,7,2,call-target;prologue
0x5f81b0,0x5f8289,0x5f8290,217,77,7,5,call-target;prologue
0x5f8290,0x5f82cb,0x5f82d0,59,25,7,2,call-target;prologue
0x5f82d0,0x5f82e3,0x5f82f0,19,9,7,2,call-target;prologue
0x5f82f0,0x5f831a,0x5f8320,42,16,7,2,call-target;prologue
0x5f8320,0x5f8333,0x5f8340,19,9,7,2,call-target;prologue
0x5f8340,0x5f8374,0x5f8380,52,19,7,4,call-target;prologue
0x5f8380,0x5f83b1,0x5f83c0,49,19,7,2,call-target;prologue
0x5f83c0,0x5f83dd,0x5f83e0,29,13,7,2,call-target;prologue
0x5f83e0,0x5f83f3,0x5f8400,19,9,7,2,call-target;prologue
0x5f8400,0x5f8413,0x5f8420,19,9,7,2,call-target;prologue
0x5f8420,0x5f8456,0x5f8460,54,20,7,2,call-target;prologue
0x5f8460,0x5f8481,0x5f8490,33,15,7,2,call-target;prologue
0x5f8490,0x5f84af,0x5f84b0,31,13,7,2,call-target;prologue
0x5f84b0,0x5f8557,0x5f8560,167,55,7,2,call-target;prologue
0x5f8560,0x5f85de,0x5f85e0,126,41,7,6,call-target;prologue
0x5f85e0,0x5f8647,0x5f8650,103,35,7,3,call-target;prologue
0x5f8650,0x5f866c,0x5f8670,28,12,7,2,call-target;prologue
0x5f8670,0x5f867e,0x5f8680,14,8,7,2,call-target;prologue
0x5f8680,0x5f8786,0x5f8790,262,100,7,9,call-target;prologue
0x5f8790,0x5f87ea,0x5f87f0,90,26,7,2,call-target;prologue
0x5f87f0,0x5f89f8,0x5f8a00,520,186,7,8,call-target;prologue
0x5f8a00,0x5f8ab1,0x5f8ac0,177,60,7,8,call-target;prologue
0x5f8ac0,0x5f8af5,0x5f8b00,53,20,7,2,call-target;prologue
0x5f8b00,0x5f8b0e,0x5f8b10,14,8,7,2,call-target;prologue
0x5f8b10,0x5f8b2b,0x5f8b30,27,12,7,2,call-target;prologue
0x5f8b30,0x5f8b4d,0x5f8b50,29,13,7,2,call-target;prologue
0x5f8b50,0x5f8b6f,0x5f8b70,31,13,7,2,call-target;prologue
0x5f8b70,0x5f8bd0,0x5f8bd0,96,38,7,1,call-target;prologue
0x5f8bd0,0x5f8c4e,0x5f8c50,126,41,7,6,call-target;prologue
0x5f8c50,0x5f8cb7,0x5f8cc0,103,35,7,3,call-target;prologue
0x5f8cc0,0x5f8cdc,0x5f8ce0,28,12,7,2,call-target;prologue
0x5f8ce0,0x5f8cee,0x5f8cf0,14,8,7,2,call-target;prologue
0x5f8cf0,0x5f8d10,0x5f8d10,32,14,7,1,call-target;prologue
0x5f8d10,0x5f8d2d,0x5f8d30,29,13,7,2,call-target;prologue
0x5f8d30,0x5f8d69,0x5f8d70,57,22,7,2,call-target;prologue
0x5f8d70,0x5f8da9,0x5f8db0,57,22,7,2,call-target;prologue
0x5f8db0,0x5f8e09,0x5f8e10,89,34,7,3,call-target;prologue
0x5f8e10,0x5f8e4c,0x5f8e50,60,21,7,4,call-target;prologue
0x5f8e50,0x5f8e63,0x5f8e70,19,9,7,2,call-target;prologue
0x5f8e70,0x5f8e9d,0x5f8ea0,45,18,7,2,call-target;prologue
0x5f8ea0,0x5f8eb3,0x5f8ec0,19,9,7,2,call-target;prologue
0x5f8ec0,0x5f8eed,0x5f8ef0,45,18,7,2,call-target;prologue
0x5f8ef0,0x5f8f0f,0x5f8f10,31,13,7,2,call-target;prologue
0x5f8f10,0x5f8f23,0x5f8f30,19,9,7,2,call-target;prologue
0x5f8f30,0x5f8f51,0x5f8f60,33,15,7,2,call-target;prologue
0x5f8f60,0x5f8fc3,0x5f8fd0,99,38,7,3,call-target;prologue
0x5f8fd0,0x5f8ff1,0x5f9000,33,15,7,2,call-target;prologue
0x5f9000,0x5f905a,0x5f9060,90,26,7,2,call-target;prologue
0x5f9060,0x5f9070,0x5f9070,16,8,7,1,call-target;prologue
0x5f9070,0x5f9089,0x5f9090,25,11,7,2,call-target;prologue
0x5f9090,0x5f90ab,0x5f90b0,27,12,7,2,call-target;prologue
0x5f90b0,0x5f90c6,0x5f90d0,22,10,7,2,call-target;prologue
0x5f90d0,0x5f90e9,0x5f90f0,25,12,7,2,call-target;prologue
0x5f90f0,0x5f9194,0x5f91a0,164,55,7,4,call-target;prologue
0x5f91a0,0x5f923a,0x5f9240,154,54,7,4,call-target;prologue
0x5f9240,0x5f929a,0x5f92a0,90,26,7,2,call-target;prologue
0x5f92a0,0x5f92bc,0x5f92c0,28,12,7,2,call-target;prologue
0x5f92c0,0x5f92d0,0x5f92d0,16,8,7,1,call-target;prologue
0x5f92d0,0x5f92e9,0x5f92f0,25,11,7,2,call-target;prologue
0x5f92f0,0x5f9309,0x5f9310,25,11,7,2,call-target;prologue
0x5f9310,0x5f932b,0x5f9330,27,12,7,2,call-target;prologue
0x5f9330,0x5f9349,0x5f9350,25,11,7,2,call-target;prologue
0x5f9350,0x5f936f,0x5f9370,31,13,7,2,call-target;prologue
0x5f9370,0x5f9383,0x5f9390,19,9,7,2,call-target;prologue
0x5f9390,0x5f93b1,0x5f93c0,33,15,7,2,call-target;prologue
0x5f93c0,0x5f9423,0x5f9430,99,38,7,3,call-target;prologue
0x5f9430,0x5f9451,0x5f9460,33,15,7,2,call-target;prologue
0x5f9460,0x5f94ba,0x5f94c0,90,26,7,2,call-target;prologue
0x5f94c0,0x5f94d0,0x5f94d0,16,8,7,1,call-target;prologue
0x5f94d0,0x5f94e9,0x5f94f0,25,11,7,2,call-target;prologue
0x5f94f0,0x5f950b,0x5f9510,27,12,7,2,call-target;prologue
0x5f9510,0x5f952f,0x5f9530,31,13,7,2,call-target;prologue
0x5f9530,0x5f954b,0x5f9550,27,12,7,2,call-target;prologue
0x5f9550,0x5f9579,0x5f9580,41,16,7,2,call-target;prologue
0x5f9580,0x5f95a1,0x5f95b0,33,14,7,2,call-target;prologue
0x5f95b0,0x5f95cc,0x5f95d0,28,12,7,2,call-target;prologue
0x5f95d0,0x5f95f0,0x5f95f0,32,14,7,1,call-target;prologue
0x5f95f0,0x5f9600,0x5f9600,16,9,7,1,call-target;prologue
0x5f9600,0x5f961c,0x5f9620,28,12,7,2,call-target;prologue
0x5f9620,0x5f9640,0x5f9640,32,14,7,1,call-target;prologue
0x5f9640,0x5f9650,0x5f9650,16,9,7,1,call-target;prologue
0x5f9650,0x5f998e,0x5f9990,830,283,7,15,call-target;prologue
0x5f9990,0x5f99bc,0x5f99c0,44,15,7,4,call-target;prologue
0x5f99c0,0x5f99d9,0x5f99e0,25,11,7,2,call-target;prologue
0x5f99e0,0x5f9a0c,0x5f9a10,44,15,7,4,call-target;prologue
0x5f9a10,0x5f9d2c,0x5f9d30,796,273,7,15,call-target;prologue
0x5f9d30,0x5f9d5c,0x5f9d60,44,15,7,4,call-target;prologue
0x5f9d60,0x5f9da2,0x5f9db0,66,25,7,4,call-target;prologue
0x5f9db0,0x5f9dc8,0x5f9dd0,24,11,7,2,call-target;prologue
0x5f9dd0,0x5f9df1,0x5f9e00,33,15,7,2,call-target;prologue
0x5f9e00,0x5f9e18,0x5f9e20,24,11,7,2,call-target;prologue
0x5f9e20,0x5f9e41,0x5f9e50,33,15,7,2,call-target;prologue
0x5f9e50,0x5f9e84,0x5f9e90,52,19,7,4,call-target;prologue
0x5f9e90,0x5f9ec4,0x5f9ed0,52,19,7,4,call-target;prologue
0x5f9ed0,0x5f9efe,0x5f9f00,46,20,7,2,call-target;prologue
0x5f9f00,0x5f9f34,0x5f9f40,52,19,7,4,call-target;prologue
0x5f9f40,0x5f9f6e,0x5f9f70,46,20,7,2,call-target;prologue
0x5f9f70,0x5f9f8c,0x5f9f90,28,14,7,2,call-target;prologue
0x5f9f90,0x5f9fac,0x5f9fb0,28,14,7,2,call-target;prologue
0x5f9fb0,0x5f9ff6,0x5fa000,70,32,7,2,call-target;prologue
0x5fa000,0x5fa046,0x5fa050,70,32,7,2,call-target;prologue
0x5fa050,0x5fa087,0x5fa090,55,25,7,2,call-target;prologue
0x5fa090,0x5fa0c7,0x5fa0d0,55,25,7,2,call-target;prologue
0x5fa0d0,0x5fa103,0x5fa110,51,23,7,2,call-target;prologue
0x5fa110,0x5fa124,0x5fa130,20,9,7,2,call-target;prologue
0x5fa130,0x5fa16a,0x5fa170,58,22,7,4,call-target;prologue
0x5fa170,0x5fa1a3,0x5fa1b0,51,23,7,2,call-target;prologue
0x5fa1b0,0x5fa1e3,0x5fa1f0,51,23,7,2,call-target;prologue
0x5fa1f0,0x5fa204,0x5fa210,20,9,7,2,call-target;prologue
0x5fa210,0x5fa220,0x5fa220,16,8,7,1,call-target;prologue
0x5fa220,0x5fa234,0x5fa240,20,9,7,2,call-target;prologue
0x5fa240,0x5fa245,0x5fa250,5,4,7,2,call-target;prologue
0x5fa250,0x5fa283,0x5fa290,51,23,7,2,call-target;prologue
0x5fa290,0x5fa2c3,0x5fa2d0,51,23,7,2,call-target;prologue
0x5fa2d0,0x5fa2e4,0x5fa2f0,20,9,7,2,call-target;prologue
0x5fa2f0,0x5fa315,0x5fa320,37,17,7,2,call-target;prologue
0x5fa320,0x5fa356,0x5fa360,54,22,7,5,call-target;prologue
0x5fa360,0x5fa393,0x5fa3a0,51,23,7,2,call-target;prologue
0x5fa3a0,0x5fa3a5,0x5fa3b0,5,4,7,2,call-target;prologue
0x5fa3b0,0x5fa3d5,0x5fa3e0,37,17,7,2,call-target;prologue
0x5fa3e0,0x5fa404,0x5fa410,36,16,7,5,call-target;prologue
0x5fa410,0x5fa443,0x5fa450,51,23,7,2,call-target;prologue
0x5fa450,0x5fa487,0x5fa490,55,25,7,2,call-target;prologue
0x5fa490,0x5fa4c7,0x5fa4d0,55,25,7,2,call-target;prologue
0x5fa4d0,0x5fa4db,0x5fa4e0,11,7,7,2,call-target;prologue
0x5fa4e0,0x5fa531,0x5fa540,81,31,7,4,call-target;prologue
0x5fa540,0x5fa595,0x5fa5a0,85,32,7,5,call-target;prologue
0x5fa5a0,0x5fa5ab,0x5fa5b0,11,7,7,2,call-target;prologue
0x5fa5b0,0x5fa5e1,0x5fa5f0,49,21,7,2,call-target;prologue
0x5fa5f0,0x5fa609,0x5fa610,25,12,7,2,call-target;prologue
0x5fa610,0x5fa615,0x5fa620,5,4,7,2,call-target;prologue
0x5fa620,0x5fa62b,0x5fa630,11,7,7,2,call-target;prologue
0x5fa630,0x5fa672,0x5fa680,66,26,7,5,call-target;prologue
0x5fa680,0x5fa6a6,0x5fa6b0,38,16,7,5,call-target;prologue
0x5fa6b0,0x5fa6bb,0x5fa6c0,11,7,7,2,call-target;prologue
0x5fa6c0,0x5fa6f1,0x5fa700,49,21,7,2,call-target;prologue
0x5fa700,0x5fa705,0x5fa710,5,4,7,2,call-target;prologue
0x5fa710,0x5fa747,0x5fa750,55,25,7,2,call-target;prologue
0x5fa750,0x5fa790,0x5fa790,64,25,7,3,call-target;prologue
0x5fa790,0x5fa7c7,0x5fa7d0,55,25,7,2,call-target;prologue
0x5fa7d0,0x5fa803,0x5fa810,51,22,7,2,call-target;prologue
0x5fa810,0x5fa8ad,0x5fa8b0,157,57,7,10,call-target;prologue
0x5fa8b0,0x5fa8c9,0x5fa8d0,25,12,7,2,call-target;prologue
0x5fa8d0,0x5fa8ed,0x5fa8f0,29,13,7,2,call-target;prologue
0x5fa8f0,0x5fa909,0x5fa910,25,11,7,2,call-target;prologue
0x5fa910,0x5fa92d,0x5fa930,29,13,7,2,call-target;prologue
0x5fa930,0x5fa95b,0x5fa960,43,18,7,5,call-target;prologue
0x5fa960,0x5faa02,0x5faa10,162,59,7,10,call-target;prologue
0x5faa10,0x5faa41,0x5faa50,49,21,7,2,call-target;prologue
0x5faa50,0x5faa7b,0x5faa80,43,18,7,5,call-target;prologue
0x5faa80,0x5faacc,0x5faad0,76,28,7,4,call-target;prologue
0x5faad0,0x5faadf,0x5faae0,15,7,7,2,call-target;prologue
0x5faae0,0x5fab0c,0x5fab10,44,17,7,3,call-target;prologue
0x5fab10,0x5fab84,0x5fab90,116,33,7,2,call-target;prologue
0x5fab90,0x5fabcd,0x5fabd0,61,25,7,2,call-target;prologue
0x5fabd0,0x5fac11,0x5fac20,65,27,4,2,prologue
0x5fac20,0x5fac35,0x5fac40,21,9,7,2,call-target;prologue
0x5fac40,0x5fac5d,0x5fac60,29,11,4,2,prologue
0x5fac60,0x5facc5,0x5facd0,101,35,7,2,call-target;prologue
0x5facd0,0x5fad16,0x5fad20,70,25,7,3,call-target;prologue
0x5fad20,0x5fad66,0x5fad70,70,25,7,3,call-target;prologue
0x5fad70,0x5fadca,0x5fadd0,90,26,7,2,call-target;prologue
0x5fadd0,0x5fae2a,0x5fae30,90,26,7,2,call-target;prologue
0x5fae30,0x6028a8,0x602a60,31352,9466,4,493,prologue
0x602a60,0x60360b,0x603650,2987,654,7,67,call-target;prologue
0x603650,0x6036a3,0x6036a4,83,32,4,8,prologue
0x6036a4,0x60499a,0x60499a,4854,1537,3,10,call-target
0x60499a,0x6049a0,0x6049a0,6,1,3,1,call-target
0x6049a0,0x6049bc,0x6049bc,28,11,3,2,call-target
0x6049bc,0x6049d8,0x6049d8,28,11,3,2,call-target
0x6049d8,0x6049f4,0x6049f4,28,11,3,2,call-target
0x6049f4,0x604a10,0x604a10,28,11,3,2,call-target
0x604a10,0x604a9c,0x604a9c,140,52,4,6,prologue
0x604a9c,0x604b65,0x604b65,201,77,4,6,prologue
0x604b65,0x604bf3,0x604bf3,142,54,4,6,prologue
0x604bf3,0x604c82,0x604c82,143,54,4,6,prologue
0x604c82,0x604ce6,0x604ce6,100,38,7,5,call-target;prologue
0x604ce6,0x604f55,0x604f55,623,162,3,36,call-target
0x604f55,0x604fb0,0x604fb0,91,41,4,4,prologue
0x604fb0,0x60501f,0x60501f,111,47,7,7,call-target;prologue
0x60501f,0x60508b,0x60508b,108,43,3,9,call-target
0x60508b,0x605107,0x605107,124,51,7,9,call-target;prologue
0x605107,0x605185,0x605185,126,51,4,9,prologue
0x605185,0x6051b8,0x6051b8,51,19,4,3,prologue
0x6051b8,0x6051dc,0x6051dc,36,12,3,4,call-target
0x6051dc,0x605251,0x605251,117,53,7,9,call-target;prologue
0x605251,0x6052bb,0x6052bf,106,47,7,8,call-target;prologue
0x6052bf,0x6053a1,0x6053a1,226,90,7,9,call-target;prologue
0x6053a1,0x6053c2,0x6053d2,33,11,3,5,call-target
0x6053d2,0x60540a,0x605410,56,22,7,4,call-target;prologue
0x605410,0x6054ef,0x6054ef,223,80,3,8,call-target
0x6054ef,0x60559f,0x6055a2,176,58,3,7,call-target
0x6055a2,0x6055c2,0x6055c2,32,12,4,1,prologue
0x6055c2,0x6055e2,0x6055fb,32,12,4,2,prologue
0x6055fb,0x6056ce,0x6056ce,211,75,3,7,call-target
0x6056ce,0x60577e,0x60577e,176,58,3,6,call-target
0x60577e,0x60579e,0x60579e,32,12,4,1,prologue
0x60579e,0x6057be,0x6057be,32,12,4,1,prologue
0x6057be,0x605ae8,0x605ae8,810,314,7,69,call-target;prologue
0x605ae8,0x605b10,0x605b10,40,15,7,1,call-target;prologue
0x605b10,0x605b38,0x605b38,40,15,7,1,call-target;prologue
0x605b38,0x605b61,0x605b61,41,15,7,1,call-target;prologue
0x605b61,0x605bc7,0x605bc7,102,46,7,6,call-target;prologue
0x605bc7,0x605c26,0x605c26,95,43,4,6,prologue
0x605c26,0x605c93,0x605c93,109,49,4,6,prologue
0x605c93,0x605cdf,0x605cdf,76,35,4,1,prologue
0x605cdf,0x605d2a,0x605d2a,75,32,3,5,call-target
0x605d2a,0x605d75,0x605d75,75,32,3,5,call-target
0x605d75,0x605d97,0x6066b8,34,15,3,67,call-target
0x6066b8,0x6066d3,0x606eff,27,13,3,66,call-target
0x606eff,0x606f3e,0x606f3e,63,23,4,2,prologue
0x606f3e,0x606f7d,0x606f7d,63,23,4,2,prologue
0x606f7d,0x606fc1,0x606fc1,68,25,4,2,prologue
0x606fc1,0x607005,0x607005,68,25,4,2,prologue
0x607005,0x60708a,0x6070bd,133,56,7,7,call-target;prologue
0x6070bd,0x607263,0x607263,422,160,3,15,call-target
0x607263,0x6072eb,0x60731f,136,53,7,7,call-target;prologue
0x60731f,0x6073a5,0x6073a5,134,52,7,6,call-target;prologue
0x6073a5,0x60772f,0x60779f,906,323,3,48,call-target
0x60779f,0x607a83,0x607c96,740,301,7,69,call-target;prologue
0x607c96,0x607ce7,0x607ce7,81,29,4,2,prologue
0x607ce7,0x607d38,0x607d38,81,29,4,2,prologue
0x607d38,0x607d8e,0x607d8e,86,31,4,2,prologue
0x607d8e,0x607de4,0x607de4,86,31,4,2,prologue
0x607de4,0x607e35,0x607e35,81,29,4,2,prologue
0x607e35,0x607e86,0x607e86,81,29,4,2,prologue
0x607e86,0x607edc,0x607edc,86,31,4,2,prologue
0x607edc,0x607f32,0x607f32,86,31,4,2,prologue
0x607f32,0x608577,0x6085a5,1605,581,3,79,call-target
0x6085a5,0x6085e5,0x6085e5,64,23,7,1,call-target;prologue
0x6085e5,0x608625,0x608625,64,23,7,1,call-target;prologue
0x608625,0x608666,0x608666,65,23,7,1,call-target;prologue
0x608666,0x6086c9,0x6086c9,99,35,7,2,call-target;prologue
0x6086c9,0x60872c,0x60872c,99,35,7,2,call-target;prologue
0x60872c,0x608794,0x608794,104,37,7,2,call-target;prologue
0x608794,0x6087fc,0x60882c,104,37,7,3,call-target;prologue
0x60882c,0x60888c,0x60888c,96,34,7,2,call-target;prologue
0x60888c,0x6088ec,0x6088ec,96,34,7,2,call-target;prologue
0x6088ec,0x608951,0x608951,101,36,7,2,call-target;prologue
0x608951,0x6089b6,0x6089e6,101,36,7,3,call-target;prologue
0x6089e6,0x608a4c,0x608a4c,102,36,7,2,call-target;prologue
0x608a4c,0x608ab2,0x608ab2,102,36,7,2,call-target;prologue
0x608ab2,0x608b1d,0x608b1d,107,38,7,2,call-target;prologue
0x608b1d,0x608b88,0x608d8e,107,38,7,16,call-target;prologue
0x608d8e,0x608dc8,0x608dd5,58,22,3,5,call-target
0x608dd5,0x608e33,0x608eb2,94,38,3,13,call-target
0x608eb2,0x608ed8,0x608ed8,38,14,4,1,prologue
0x608ed8,0x608efe,0x608f1f,38,14,4,4,prologue
0x608f1f,0x608f63,0x608f7b,68,31,4,6,prologue
0x608f7b,0x608f96,0x608f96,27,8,3,1,call-target
0x608f96,0x608fd6,0x608fe3,64,27,3,5,call-target
0x608fe3,0x609058,0x609162,117,49,3,24,call-target
0x609162,0x6091a6,0x6091be,68,31,4,6,prologue
0x6091be,0x6095f2,0x6095fa,1076,407,4,14,prologue
0x6095fa,0x6096d1,0x609aa4,215,89,4,27,prologue
0x609aa4,0x609ac2,0x609ac2,30,9,3,1,call-target
0x609ac2,0x609b11,0x609b7f,79,31,7,12,call-target;prologue
0x609b7f,0x609db9,0x609db9,570,223,4,20,prologue
0x609db9,0x609e71,0x609e71,184,75,4,7,prologue
0x609e71,0x609ee7,0x609eef,118,52,3,9,call-target
0x609eef,0x609f11,0x609f11,34,14,3,2,call-target
0x609f11,0x609f58,0x609f58,71,32,4,4,prologue
0x609f58,0x609f7f,0x609f9e,39,12,3,3,call-target
0x609f9e,0x60a024,0x60a024,134,49,7,3,call-target;prologue
0x60a024,0x60a0a3,0x60a0a3,127,48,3,2,call-target
0x60a0a3,0x60a1fa,0x60a1fa,343,145,7,11,call-target;prologue
0x60a1fa,0x60a241,0x60a297,71,32,4,11,prologue
0x60a297,0x60a307,0x60a307,112,43,4,5,prologue
0x60a307,0x60a38b,0x60a38b,132,49,4,6,prologue
0x60a38b,0x60a460,0x60a460,213,83,4,11,prologue
0x60a460,0x60a535,0x60a535,213,83,4,11,prologue
0x60a535,0x60a657,0x60a6c3,290,130,3,21,call-target
0x60a6c3,0x60a770,0x60a770,173,68,7,7,call-target;prologue
0x60a770,0x60a798,0x60a798,40,17,4,1,prologue
0x60a798,0x60a7cf,0x60a7d2,55,22,4,2,prologue
0x60a7d2,0x60a7f4,0x60a7f4,34,14,3,2,call-target
0x60a7f4,0x60b728,0x60b728,3892,1214,3,75,call-target
0x60b728,0x60b790,0x60b7af,104,34,3,4,call-target
0x60b7af,0x60bd3c,0x60bd3c,1421,530,3,15,call-target
0x60bd3c,0x60bded,0x60be10,177,67,7,10,call-target;prologue
0x60be10,0x60bef3,0x60bef3,227,95,4,9,prologue
0x60bef3,0x60bf05,0x60bf05,18,6,3,1,call-target
0x60bf05,0x60c015,0x60c015,272,105,3,8,call-target
0x60c015,0x60c0df,0x60c120,202,82,3,11,call-target
0x60c120,0x60c12b,0x60c12b,11,4,3,2,call-target
0x60c12b,0x60c1d4,0x60c1d4,169,45,3,1,call-target
0x60c1d4,0x60c263,0x60c263,143,38,3,1,call-target
0x60c263,0x60c399,0x60c399,310,92,7,10,call-target;prologue
0x60c399,0x60cab0,0x60cab0,1815,644,7,83,call-target;prologue
0x60cab0,0x60cb59,0x60cb59,169,68,7,12,call-target;prologue
0x60cb59,0x60cbfa,0x60cbfa,161,73,7,14,call-target;prologue
0x60cbfa,0x60cf9b,0x60cf9b,929,320,7,38,call-target;prologue
0x60cf9b,0x60d044,0x60d044,169,49,3,6,call-target
0x60d044,0x60d11a,0x60d11a,214,68,7,5,call-target;prologue
0x60d11a,0x60d291,0x60d291,375,120,7,14,call-target;prologue
0x60d291,0x60d7a9,0x60d7a9,1304,387,7,55,call-target;prologue
0x60d7a9,0x60e035,0x60e0e0,2188,666,7,73,call-target;prologue
0x60e0e0,0x60e4d5,0x60ea5c,1013,299,3,124,call-target
0x60ea5c,0x60ea69,0x60ea69,13,6,3,1,call-target
0x60ea69,0x60ea77,0x60ea77,14,6,3,2,call-target
0x60ea77,0x60ea96,0x60ea96,31,13,3,2,call-target
0x60ea96,0x60eb24,0x60eb24,142,56,7,8,call-target;prologue
0x60eb24,0x60ebb4,0x60ebb4,144,50,3,7,call-target
0x60ebb4,0x60ebcd,0x60ebcd,25,10,3,1,call-target
0x60ebcd,0x60ec26,0x60ec26,89,38,3,5,call-target
0x60ec26,0x60ec42,0x60ec42,28,11,3,2,call-target
0x60ec42,0x60ed05,0x60ed05,195,72,3,6,call-target
0x60ed05,0x60f41b,0x60f41b,1814,552,7,76,call-target;prologue
0x60f41b,0x60f6ff,0x60f71c,740,227,3,17,call-target
0x60f71c,0x60f739,0x60f761,29,13,4,5,prologue
0x60f761,0x60f9d1,0x60f9d1,624,187,7,18,call-target;prologue
0x60f9d1,0x60fe78,0x60fe78,1191,373,7,44,call-target;prologue
0x60fe78,0x610065,0x61014e,493,166,7,32,call-target;prologue
0x61014e,0x6106e4,0x6106e4,1430,472,7,51,call-target;prologue
0x6106e4,0x610a25,0x610a25,833,278,7,51,call-target;prologue
0x610a25,0x610ccd,0x610ccd,680,232,3,25,call-target
0x610ccd,0x610f96,0x610f96,713,222,3,21,call-target
0x610f96,0x610fc6,0x610fc6,48,16,3,3,call-target
0x610fc6,0x61119b,0x61119b,469,168,7,22,call-target;prologue
0x61119b,0x6111a5,0x6111a5,10,4,3,1,call-target
0x6111a5,0x6111c3,0x6111ea,30,16,3,6,call-target
0x6111ea,0x6114a7,0x6114a7,701,250,7,29,call-target;prologue
0x6114a7,0x6114f3,0x6114f3,76,33,3,5,call-target
0x6114f3,0x611967,0x611967,1140,375,3,37,call-target
0x611967,0x611af5,0x611afb,398,117,7,14,call-target;prologue
0x611afb,0x611c21,0x611c41,294,105,7,6,call-target;prologue
0x611c41,0x611c72,0x611c72,49,15,3,1,call-target
0x611c72,0x611d5a,0x611d5a,232,83,4,5,prologue
0x611d5a,0x611d82,0x611e9c,40,15,4,7,prologue
0x611e9c,0x611ed4,0x611ed4,56,13,4,3,prologue
0x611ed4,0x611f00,0x611f00,44,17,4,1,prologue
0x611f00,0x611f2f,0x611f2f,47,13,4,3,prologue
0x611f2f,0x611f60,0x611f60,49,15,3,1,call-target
0x611f60,0x6120b0,0x6120b0,336,101,3,5,call-target
0x6120b0,0x6121d4,0x6121d4,292,86,3,5,call-target
0x6121d4,0x612323,0x612323,335,101,3,5,call-target
0x612323,0x612476,0x612476,339,101,3,5,call-target
0x612476,0x6125b5,0x6125b5,319,104,3,5,call-target
0x6125b5,0x612650,0x612650,155,58,7,5,call-target;prologue
0x612650,0x61279c,0x61279c,332,102,3,5,call-target
0x61279c,0x6128bd,0x6128c9,289,85,3,7,call-target
0x6128c9,0x612a15,0x612a15,332,102,3,5,call-target
0x612a15,0x612b54,0x612b96,319,104,3,8,call-target
0x612b96,0x612cce,0x612cce,312,93,7,12,call-target;prologue
0x612cce,0x612dbf,0x612dbf,241,81,3,9,call-target
0x612dbf,0x612fc1,0x612fc1,514,177,3,24,call-target
0x612fc1,0x6131c5,0x6131c5,516,166,3,18,call-target
0x6131c5,0x6135c8,0x6135e8,1027,340,3,42,call-target
0x6135e8,0x613a7a,0x613a7a,1170,387,3,32,call-target
0x613a7a,0x613b7a,0x613b7a,256,90,7,9,call-target;prologue
0x613b7a,0x613f60,0x613f60,998,312,3,16,call-target
0x613f60,0x614691,0x614691,1841,525,3,18,call-target
0x614691,0x614a33,0x614a33,930,319,3,34,call-target
0x614a33,0x614b4d,0x614b4d,282,98,3,8,call-target
0x614b4d,0x614b5d,0x614b5d,16,7,3,1,call-target
0x614b5d,0x614bc6,0x614bc6,105,53,3,6,call-target
0x614bc6,0x614bcc,0x614bcc,6,3,3,1,call-target
0x614bcc,0x614be2,0x614be2,22,12,3,2,call-target
0x614be2,0x614be7,0x614be7,5,1,3,1,call-target
0x614be7,0x614fa9,0x614ffa,962,354,7,34,call-target;prologue
0x614ffa,0x614fff,0x614fff,5,1,3,1,call-target
0x614fff,0x61535a,0x61535a,859,298,7,26,call-target;prologue
0x61535a,0x61536d,0x615373,19,5,3,3,call-target
0x615373,0x61566a,0x61566a,759,218,7,14,call-target;prologue
0x61566a,0x6156bf,0x61572c,85,32,4,6,prologue
0x61572c,0x6157cc,0x615bc6,160,49,3,34,call-target
0x615bc6,0x615be9,0x615c08,35,12,3,3,call-target
0x615c08,0x615e54,0x615e70,588,181,7,11,call-target;prologue
0x615e70,0x615eeb,0x615eeb,123,45,3,5,call-target
0x615eeb,0x615fb7,0x615fb7,204,74,4,2,prologue
0x615fb7,0x616027,0x616027,112,46,3,4,call-target
0x616027,0x616113,0x616113,236,76,4,4,prologue
0x616113,0x616236,0x616236,291,92,4,4,prologue
0x616236,0x616337,0x616337,257,82,4,4,prologue
0x616337,0x616438,0x616438,257,83,4,4,prologue
0x616438,0x616539,0x616539,257,83,4,4,prologue
0x616539,0x616656,0x616656,285,92,4,4,prologue
0x616656,0x616779,0x616779,291,93,4,4,prologue
0x616779,0x616877,0x616877,254,82,4,4,prologue
0x616877,0x616920,0x616920,169,58,4,4,prologue
0x616920,0x616a43,0x616a43,291,93,4,4,prologue
0x616a43,0x616b44,0x616b44,257,83,4,4,prologue
0x616b44,0x616c67,0x616c67,291,92,4,4,prologue
0x616c67,0x616d37,0x616d37,208,70,4,4,prologue
0x616d37,0x616e4f,0x616e4f,280,97,4,7,prologue
0x616e4f,0x616f14,0x616f14,197,73,4,8,prologue
0x616f14,0x616fd9,0x616fd9,197,66,4,4,prologue
0x616fd9,0x6170cf,0x6170cf,246,81,4,4,prologue
0x6170cf,0x6171ba,0x6171ba,235,78,4,4,prologue
0x6171ba,0x61728f,0x61728f,213,72,4,4,prologue
0x61728f,0x617394,0x617394,261,85,4,4,prologue
0x617394,0x61749f,0x61749f,267,85,4,4,prologue
0x61749f,0x6175d9,0x6175d9,314,100,4,4,prologue
0x6175d9,0x6176af,0x6176af,214,71,4,4,prologue
0x6176af,0x6177b9,0x6177b9,266,84,4,4,prologue
0x6177b9,0x6178ef,0x6178ef,310,100,4,4,prologue
0x6178ef,0x6179b6,0x6179b6,199,67,4,4,prologue
0x6179b6,0x617a7d,0x617a7d,199,67,4,4,prologue
0x617a7d,0x617b6b,0x617b6b,238,78,4,4,prologue
0x617b6b,0x617c5a,0x617c5a,239,76,4,4,prologue
0x617c5a,0x617db6,0x617db6,348,115,4,4,prologue
0x617db6,0x617e42,0x617e42,140,49,4,4,prologue
0x617e42,0x617ee8,0x617ee8,166,56,4,5,prologue
0x617ee8,0x617f84,0x617f84,156,53,4,5,prologue
0x617f84,0x618029,0x618029,165,59,4,4,prologue
0x618029,0x6180cb,0x6180cb,162,60,4,4,prologue
0x6180cb,0x61817b,0x61817b,176,64,4,4,prologue
0x61817b,0x61822a,0x61822a,175,64,4,4,prologue
0x61822a,0x618300,0x618300,214,73,4,8,prologue
0x618300,0x618392,0x618392,146,50,4,5,prologue
0x618392,0x618434,0x618434,162,58,4,4,prologue
0x618434,0x6184a6,0x6184a6,114,41,4,4,prologue
0x6184a6,0x618558,0x618558,178,63,4,4,prologue
0x618558,0x6185f7,0x6185f7,159,59,4,4,prologue
0x6185f7,0x61867e,0x6186e2,135,51,4,8,prologue
0x6186e2,0x618750,0x618750,110,39,4,4,prologue
0x618750,0x6187d9,0x6187d9,137,49,4,4,prologue
0x6187d9,0x618862,0x618862,137,50,4,4,prologue
0x618862,0x6188e4,0x6188e4,130,47,4,4,prologue
0x6188e4,0x618995,0x618995,177,64,4,4,prologue
0x618995,0x618a26,0x618a26,145,49,4,4,prologue
0x618a26,0x618abd,0x618abd,151,52,4,4,prologue
0x618abd,0x618b40,0x618b40,131,46,4,4,prologue
0x618b40,0x618bfa,0x618bfa,186,63,4,4,prologue
0x618bfa,0x618ccd,0x618ccd,211,70,4,5,prologue
0x618ccd,0x618d3d,0x618d3d,112,40,4,4,prologue
0x618d3d,0x618dad,0x618dad,112,40,4,4,prologue
0x618dad,0x618e3b,0x618e3b,142,48,4,5,prologue
0x618e3b,0x618ec7,0x618ec7,140,49,4,4,prologue
0x618ec7,0x618fa7,0x618fa7,224,77,4,7,prologue
0x618fa7,0x618fc3,0x618fc3,28,10,3,1,call-target
0x618fc3,0x6190bb,0x6190d7,248,69,3,8,call-target
0x6190d7,0x6190dc,0x6190dc,5,1,3,1,call-target
0x6190dc,0x6190f8,0x619114,28,10,3,3,call-target
0x619114,0x619119,0x619119,5,1,3,1,call-target
0x619119,0x619135,0x619151,28,10,3,3,call-target
0x619151,0x619156,0x619156,5,1,3,1,call-target
0x619156,0x619172,0x619172,28,10,3,1,call-target
0x619172,0x61935e,0x61937a,492,146,7,14,call-target;prologue
0x61937a,0x61937f,0x61937f,5,1,3,1,call-target
0x61937f,0x61939b,0x6193b7,28,10,3,3,call-target
0x6193b7,0x6193bc,0x6193bc,5,1,3,1,call-target
0x6193bc,0x6193d8,0x6193f4,28,10,3,3,call-target
0x6193f4,0x6193f9,0x6193f9,5,1,3,1,call-target
0x6193f9,0x6196ca,0x6196ca,721,237,7,23,call-target;prologue
0x6196ca,0x6196e6,0x619702,28,10,3,3,call-target
0x619702,0x619707,0x619707,5,1,3,1,call-target
0x619707,0x619723,0x61973f,28,10,3,3,call-target
0x61973f,0x619744,0x619744,5,1,3,1,call-target
0x619744,0x619760,0x61977c,28,10,3,3,call-target
0x61977c,0x619781,0x619781,5,1,3,1,call-target
0x619781,0x61979d,0x6197b9,28,10,3,3,call-target
0x6197b9,0x6197be,0x6197be,5,1,3,1,call-target
0x6197be,0x6197da,0x6197f6,28,10,3,3,call-target
0x6197f6,0x6197fb,0x6197fb,5,1,3,1,call-target
0x6197fb,0x619888,0x619888,141,45,4,3,prologue
0x619888,0x6198a4,0x6198c0,28,10,3,3,call-target
0x6198c0,0x619934,0x619934,116,38,3,3,call-target
0x619934,0x619950,0x61996c,28,10,3,3,call-target
0x61996c,0x619971,0x619971,5,1,3,1,call-target
0x619971,0x619b63,0x619b63,498,109,3,14,call-target
0x619b63,0x619b7f,0x619b9b,28,10,3,3,call-target
0x619b9b,0x619ba0,0x619ba0,5,1,3,1,call-target
0x619ba0,0x619bbc,0x619bd8,28,10,3,3,call-target
0x619bd8,0x619bdd,0x619bdd,5,1,3,1,call-target
0x619bdd,0x619bf9,0x619c15,28,10,3,3,call-target
0x619c15,0x619c1a,0x619c1a,5,1,3,1,call-target
0x619c1a,0x619c36,0x619c6e,28,10,3,5,call-target
0x619c6e,0x619c73,0x619c73,5,1,3,1,call-target
0x619c73,0x619c8f,0x619cab,28,10,3,3,call-target
0x619cab,0x619cb0,0x619cb0,5,1,3,1,call-target
0x619cb0,0x619db1,0x619db1,257,71,4,3,prologue
0x619db1,0x619dcd,0x619de9,28,10,3,3,call-target
0x619de9,0x619dee,0x619dee,5,1,3,1,call-target
0x619dee,0x619e0a,0x619e26,28,10,3,3,call-target
0x619e26,0x619e2b,0x619e2b,5,1,3,1,call-target
0x619e2b,0x619e47,0x619e63,28,10,3,3,call-target
0x619e63,0x619e68,0x619e68,5,1,3,1,call-target
0x619e68,0x619e84,0x619ea0,28,10,3,3,call-target
0x619ea0,0x619ea5,0x619ea5,5,1,3,1,call-target
0x619ea5,0x619ec1,0x619edd,28,10,3,3,call-target
0x619edd,0x619ee2,0x619ee2,5,1,3,1,call-target
0x619ee2,0x619efe,0x619f1a,28,10,3,3,call-target
0x619f1a,0x619f1f,0x619f1f,5,1,3,1,call-target
0x619f1f,0x619f3b,0x619f57,28,10,3,3,call-target
0x619f57,0x619f5c,0x619f5c,5,1,3,1,call-target
0x619f5c,0x619f78,0x619f94,28,10,3,3,call-target
0x619f94,0x619f99,0x619f99,5,1,3,1,call-target
0x619f99,0x619fb5,0x619fd1,28,10,3,3,call-target
0x619fd1,0x61a27f,0x61a27f,686,208,3,16,call-target
0x61a27f,0x61a29b,0x61a2b7,28,10,3,3,call-target
0x61a2b7,0x61a2bc,0x61a2bc,5,1,3,1,call-target
0x61a2bc,0x61a2d8,0x61a2f4,28,10,3,3,call-target
0x61a2f4,0x61a2f9,0x61a2f9,5,1,3,1,call-target
0x61a2f9,0x61a315,0x61a331,28,10,3,3,call-target
0x61a331,0x61a336,0x61a336,5,1,3,1,call-target
0x61a336,0x61a34e,0x61a36a,24,8,3,3,call-target
0x61a36a,0x61a36f,0x61a36f,5,1,3,1,call-target
0x61a36f,0x61a387,0x61a3a3,24,8,3,3,call-target
0x61a3a3,0x61a3a8,0x61a3a8,5,1,3,1,call-target
0x61a3a8,0x61a3c0,0x61a3dc,24,8,3,3,call-target
0x61a3dc,0x61a3e1,0x61a3e1,5,1,3,1,call-target
0x61a3e1,0x61a3f9,0x61a415,24,8,3,3,call-target
0x61a415,0x61a41a,0x61a41a,5,1,3,1,call-target
0x61a41a,0x61a432,0x61a44e,24,8,3,3,call-target
0x61a44e,0x61a453,0x61a453,5,1,3,1,call-target
0x61a453,0x61a49c,0x61a49c,73,23,3,2,call-target
0x61a49c,0x61a4b4,0x61a4b4,24,8,3,1,call-target
0x61a4b4,0x61a4cc,0x61a4cc,24,8,3,1,call-target
0x61a4cc,0x61abec,0x61ac60,1824,490,3,45,call-target
0x61ac60,0x61ac81,0x61ac81,33,12,3,3,call-target
0x61ac81,0x61ac86,0x61ac86,5,1,3,1,call-target
0x61ac86,0x61acae,0x61acd9,40,14,3,6,call-target
0x61acd9,0x61ad03,0x61ad09,42,15,4,2,prologue
0x61ad09,0x61ad97,0x61ad97,142,59,4,1,prologue
0x61ad97,0x61adc1,0x61adc7,42,15,4,2,prologue
0x61adc7,0x61ae76,0x61ae76,175,69,4,1,prologue
0x61ae76,0x61aea5,0x61aeab,47,17,4,2,prologue
0x61aeab,0x61aeee,0x61af34,67,28,4,8,prologue
0x61af34,0x61af44,0x61af44,16,4,3,2,call-target
0x61af44,0x61af6e,0x61af74,42,15,4,2,prologue
0x61af74,0x61b022,0x61b022,174,71,4,1,prologue
0x61b022,0x61b04c,0x61b052,42,15,4,2,prologue
0x61b052,0x61b123,0x61b123,209,82,4,1,prologue
0x61b123,0x61b152,0x61b158,47,17,4,2,prologue
0x61b158,0x61b1b5,0x61b1cb,93,37,4,4,prologue
0x61b1cb,0x61b256,0x61b263,139,58,4,2,prologue
0x61b263,0x61b26c,0x61b27f,9,3,3,4,call-target
0x61b27f,0x61b2e5,0x61b2e5,102,44,4,1,prologue
0x61b2e5,0x61b30d,0x61b330,40,15,4,4,prologue
0x61b330,0x61b373,0x61b379,67,22,4,5,prologue
0x61b379,0x61b469,0x61b469,240,97,4,1,prologue
0x61b469,0x61b491,0x61b4a4,40,16,4,3,prologue
0x61b4a4,0x61b4ce,0x61b4d4,42,15,4,2,prologue
0x61b4d4,0x61b5a5,0x61b5a5,209,86,4,1,prologue
0x61b5a5,0x61b5cf,0x61b5d5,42,15,4,2,prologue
0x61b5d5,0x61b6c8,0x61b6c8,243,95,4,1,prologue
0x61b6c8,0x61b6f7,0x61b6fd,47,17,4,2,prologue
0x61b6fd,0x61b774,0x61b7b4,119,46,4,4,prologue
0x61b7b4,0x61b853,0x61b866,159,66,4,3,prologue
0x61b866,0x61b930,0x61b93d,202,80,4,2,prologue
0x61b93d,0x61b943,0x61b943,6,1,3,1,call-target
0x61b943,0x61bb79,0x61bb86,566,216,4,5,prologue
0x61bb86,0x61bbf9,0x61bc0c,115,38,3,5,call-target
0x61bc0c,0x61be42,0x61be6f,566,216,4,6,prologue
0x61be6f,0x61be75,0x61be75,6,1,3,1,call-target
0x61be75,0x61c202,0x61c2a6,909,353,4,7,prologue
0x61c2a6,0x61c2d2,0x61c486,44,17,4,12,prologue
0x61c486,0x61c500,0x61c522,122,48,4,3,prologue
0x61c522,0x61c59d,0x61c5bf,123,49,4,3,prologue
0x61c5bf,0x61c63b,0x61c661,124,49,4,3,prologue
0x61c661,0x61c763,0x61c770,258,106,4,2,prologue
0x61c770,0x61c776,0x61c776,6,1,3,1,call-target
0x61c776,0x61c858,0x61c88c,226,87,4,3,prologue
0x61c88c,0x61c89d,0x61c89d,17,6,4,1,prologue
0x61c89d,0x61c8bb,0x61c8bb,30,12,3,2,call-target
0x61c8bb,0x61c8e2,0x61c90b,39,14,4,3,prologue
0x61c90b,0x61c9f1,0x61ca33,230,89,4,6,prologue
0x61ca33,0x61cb7b,0x61cb7b,328,130,7,1,call-target;prologue
0x61cb7b,0x61ccc3,0x61ccf1,328,130,4,2,prologue
0x61ccf1,0x61cd5d,0x61cd5d,108,41,4,1,prologue
0x61cd5d,0x61cdc9,0x61cdc9,108,43,4,1,prologue
0x61cdc9,0x61ce5d,0x61ce5d,148,54,4,1,prologue
0x61ce5d,0x61cef1,0x61cef1,148,56,4,1,prologue
0x61cef1,0x61cf8e,0x61cf8e,157,56,4,1,prologue
0x61cf8e,0x61d02f,0x61d082,161,60,4,3,prologue
0x61d082,0x61d0f4,0x61d13e,114,41,4,3,prologue
0x61d13e,0x61d1b2,0x61d1ef,116,42,4,3,prologue
0x61d1ef,0x61d291,0x61d291,162,62,7,1,call-target;prologue
0x61d291,0x61d335,0x61d36e,164,63,4,7,prologue
0x61d36e,0x61d40b,0x61d41e,157,67,4,8,prologue
0x61d41e,0x61d552,0x61d578,308,112,4,7,prologue
0x61d578,0x61d5d4,0x61d602,92,33,4,2,prologue
0x61d602,0x61d608,0x61d608,6,1,3,1,call-target
0x61d608,0x61d6e1,0x61d6ee,217,79,4,2,prologue
0x61d6ee,0x61d78a,0x61d79d,156,58,3,4,call-target
0x61d79d,0x61d856,0x61d863,185,79,4,6,prologue
0x61d863,0x61d869,0x61d869,6,1,3,1,call-target
0x61d869,0x61d91d,0x61d92a,180,74,4,5,prologue
0x61d92a,0x61d930,0x61d930,6,1,3,1,call-target
0x61d930,0x61d9ae,0x61d9bb,126,49,4,5,prologue
0x61d9bb,0x61d9c1,0x61d9c1,6,1,3,1,call-target
0x61d9c1,0x61da5c,0x61da80,155,66,4,4,prologue
0x61da80,0x61da86,0x61da86,6,1,3,1,call-target
0x61da86,0x61db69,0x61db69,227,89,4,5,prologue
0x61db69,0x61db93,0x61db99,42,15,4,2,prologue
0x61db99,0x61dbf0,0x61dbf0,87,34,4,1,prologue
0x61dbf0,0x61dc07,0x61dc07,23,7,4,2,prologue
0x61dc07,0x61dc36,0x61dc3c,47,17,4,2,prologue
0x61dc3c,0x61dcc7,0x61dcd4,139,58,4,4,prologue
0x61dcd4,0x61dcda,0x61dcda,6,1,3,1,call-target
0x61dcda,0x61dd7e,0x61dd91,164,71,4,7,prologue
0x61dd91,0x61de33,0x61de91,162,68,4,10,prologue
0x61de91,0x61df33,0x61df46,162,69,4,3,prologue
0x61df46,0x61dfe5,0x61dfe5,159,66,4,1,prologue
0x61dfe5,0x61e03d,0x61e03d,88,32,4,1,prologue
0x61e03d,0x61e07d,0x61e086,64,25,4,2,prologue
0x61e086,0x61e154,0x61e154,206,74,4,4,prologue
0x61e154,0x61e1e1,0x61e1e1,141,57,4,5,prologue
0x61e1e1,0x61e24c,0x61e24c,107,46,4,1,prologue
0x61e24c,0x61e2cc,0x61e2cc,128,52,4,2,prologue
0x61e2cc,0x61e308,0x61e308,60,25,4,1,prologue
0x61e308,0x61e3a8,0x61e3a8,160,68,4,5,prologue
0x61e3a8,0x61e467,0x61e467,191,76,4,2,prologue
0x61e467,0x61e5d4,0x61e853,365,137,4,41,prologue
0x61e853,0x61e87a,0x61e87a,39,21,4,1,prologue
0x61e87a,0x61e8b3,0x61e8b3,57,20,4,1,prologue
0x61e8b3,0x61eb67,0x61eb67,692,253,4,8,prologue
0x61eb67,0x61ec41,0x61ec41,218,85,4,1,prologue
0x61ec41,0x61ed00,0x61f0da,191,69,4,5,prologue
0x61f0da,0x61f125,0x61f125,75,25,3,2,call-target
0x61f125,0x61f21e,0x61f221,249,104,3,16,call-target
0x61f221,0x61f23d,0x61f23d,28,11,3,2,call-target
0x61f23d,0x61f24d,0x61f2ca,16,7,3,6,call-target
0x61f2ca,0x61f2da,0x61f2fa,16,7,3,2,call-target
0x61f2fa,0x61f375,0x61f375,123,58,3,8,call-target
0x61f375,0x61f42f,0x61f42f,186,71,7,8,call-target;prologue
0x61f42f,0x61f452,0x61f452,35,15,3,3,call-target
0x61f452,0x61f45e,0x61f45e,12,5,3,2,call-target
0x61f45e,0x61f59f,0x61f59f,321,97,7,5,call-target;prologue
0x61f59f,0x61fab2,0x61fab2,1299,454,3,53,call-target
0x61fab2,0x61faf4,0x61fb27,66,25,3,9,call-target
0x61fb27,0x61fb37,0x61fb37,16,7,3,1,call-target
0x61fb37,0x61fb45,0x61fb45,14,7,3,2,call-target
0x61fb45,0x61fbb3,0x61fbb3,110,46,3,5,call-target
0x61fbb3,0x61fbe7,0x61fbe7,52,20,3,5,call-target
0x61fbe7,0x61fbef,0x61fbef,8,3,3,1,call-target
0x61fbef,0x61fc02,0x61fc02,19,8,3,1,call-target
0x61fc02,0x61fc33,0x61fc33,49,24,3,5,call-target
0x61fc33,0x61fce6,0x61fce6,179,75,3,9,call-target
0x61fce6,0x61fd1a,0x61fd1a,52,20,3,5,call-target
0x61fd1a,0x61fd22,0x61fd22,8,3,3,1,call-target
0x61fd22,0x61fe0a,0x61fe0a,232,93,3,12,call-target
0x61fe0a,0x61fe1f,0x61fe1f,21,8,3,2,call-target
0x61fe1f,0x61fe45,0x61fedb,38,14,3,10,call-target
0x61fedb,0x61ff12,0x61ff67,55,19,3,8,call-target
0x61ff67,0x620074,0x620093,269,105,4,13,prologue
0x620093,0x6200da,0x6200da,71,32,4,4,prologue
0x6200da,0x6200f2,0x620100,24,6,3,2,call-target
0x620100,0x620116,0x620132,22,6,3,3,call-target
0x620132,0x620188,0x6201df,86,37,3,13,call-target
0x6201df,0x62029f,0x62029f,192,77,3,5,call-target
0x62029f,0x6202a9,0x6202a9,10,2,3,2,call-target
0x6202a9,0x6202c8,0x620306,31,11,4,3,prologue
0x620306,0x620479,0x620479,371,127,3,16,call-target
0x620479,0x620513,0x620583,154,58,3,13,call-target
0x620583,0x620626,0x62062a,163,58,3,9,call-target
0x62062a,0x620688,0x62068d,94,39,3,5,call-target
0x62068d,0x620732,0x620736,165,67,3,9,call-target
0x620736,0x6207ba,0x62092e,132,53,7,23,call-target;prologue
0x62092e,0x620954,0x6209ef,38,13,3,10,call-target
0x6209ef,0x620a47,0x620a4b,88,35,7,2,call-target;prologue
0x620a4b,0x620a70,0x620a70,37,18,3,1,call-target
0x620a70,0x620b09,0x620b09,153,48,7,5,call-target;prologue
0x620b09,0x620b41,0x620b41,56,25,7,2,call-target;prologue
0x620b41,0x620b87,0x620be6,70,27,3,9,call-target
0x620be6,0x620c9a,0x620c9a,180,65,3,11,call-target
0x620c9a,0x620d77,0x620d77,221,72,7,8,call-target;prologue
0x620d77,0x620e05,0x620e05,142,42,3,3,call-target
0x620e05,0x621029,0x621100,548,205,7,22,call-target;prologue
0x621100,0x6213b2,0x6213b2,690,252,7,20,call-target;prologue
0x6213b2,0x6215ee,0x6215ee,572,198,4,17,prologue
0x6215ee,0x621768,0x621768,378,139,4,12,prologue
0x621768,0x6218bb,0x6218bf,339,128,7,12,call-target;prologue
0x6218bf,0x621b4f,0x621b53,656,239,7,20,call-target;prologue
0x621b53,0x621d78,0x621d7c,549,199,7,19,call-target;prologue
0x621d7c,0x621e53,0x621e53,215,101,7,9,call-target;prologue
0x621e53,0x621eef,0x621eef,156,70,7,6,call-target;prologue
0x621eef,0x621fc6,0x621fc6,215,85,7,11,call-target;prologue
0x621fc6,0x62205d,0x6223b7,151,67,7,56,call-target;prologue
0x6223b7,0x6223e1,0x6223e1,42,13,3,1,call-target
0x6223e1,0x62245e,0x622479,125,33,3,3,call-target
0x622479,0x622496,0x62256f,29,13,4,16,prologue
0x62256f,0x6225bb,0x6225bb,76,16,3,1,call-target
0x6225bb,0x622642,0x62264f,135,53,3,8,call-target
0x62264f,0x622669,0x622671,26,8,3,2,call-target
0x622671,0x62268f,0x62268f,30,14,3,2,call-target
0x62268f,0x6226a4,0x6226a4,21,10,3,2,call-target
0x6226a4,0x6226c9,0x6226c9,37,14,7,1,call-target;prologue
0x6226c9,0x6226ee,0x6226ee,37,14,7,1,call-target;prologue
0x6226ee,0x6227f1,0x6227f1,259,87,7,10,call-target;prologue
0x6227f1,0x6228b1,0x6228b1,192,68,4,5,prologue
0x6228b1,0x622a24,0x622a24,371,140,7,16,call-target;prologue
0x622a24,0x622a44,0x622a56,32,14,3,4,call-target
0x622a56,0x622dfd,0x622dfd,935,291,7,37,call-target;prologue
0x622dfd,0x622e77,0x622e77,122,56,4,7,prologue
0x622e77,0x622ec4,0x622ec4,77,34,7,5,call-target;prologue
0x622ec4,0x622fc4,0x622fc4,256,97,4,13,prologue
0x622fc4,0x6230e7,0x6230f6,291,111,7,9,call-target;prologue
0x6230f6,0x623177,0x623177,129,56,7,8,call-target;prologue
0x623177,0x62318e,0x623191,23,8,3,2,call-target
0x623191,0x6231a4,0x6231a7,19,7,3,2,call-target
0x6231a7,0x6231ba,0x6231d3,19,7,3,4,call-target
0x6231d3,0x6231f9,0x6231fc,38,15,3,2,call-target
0x6231fc,0x623224,0x623227,40,14,3,2,call-target
0x623227,0x6232f8,0x6232f8,209,80,7,10,call-target;prologue
0x6232f8,0x623328,0x62332b,48,18,3,2,call-target
0x62332b,0x623392,0x623392,103,46,7,6,call-target;prologue
0x623392,0x62339b,0x62339b,9,3,3,1,call-target
0x62339b,0x6233ad,0x6233ad,18,5,3,2,call-target
0x6233ad,0x6233c6,0x6233df,25,6,3,3,call-target
0x6233df,0x6233f4,0x6233f8,21,7,3,2,call-target
0x6233f8,0x623445,0x623445,77,19,3,5,call-target
0x623445,0x623472,0x623472,45,20,3,3,call-target
0x623472,0x623531,0x6235b9,191,81,7,22,call-target;prologue
0x6235b9,0x623c0c,0x623c0c,1619,585,4,60,prologue
0x623c0c,0x623c42,0x623c54,54,15,3,4,call-target
0x623c54,0x623c5d,0x623c5d,9,3,3,1,call-target
0x623c5d,0x623c66,0x623c66,9,3,3,1,call-target
0x623c66,0x623d51,0x623d51,235,76,3,16,call-target
0x623d51,0x623e61,0x623e61,272,120,7,15,call-target;prologue
0x623e61,0x623fd8,0x623fd8,375,148,7,16,call-target;prologue
0x623fd8,0x62401c,0x62401c,68,30,3,4,call-target
0x62401c,0x624254,0x6242b4,568,262,7,37,call-target;prologue
0x6242b4,0x624602,0x624602,846,310,7,24,call-target;prologue
0x624602,0x62480a,0x62480a,520,200,7,24,call-target;prologue
0x62480a,0x624b5c,0x624b5c,850,333,7,34,call-target;prologue
0x624b5c,0x624c6a,0x624c6a,270,111,7,9,call-target;prologue
0x624c6a,0x624f73,0x624f73,777,242,7,28,call-target;prologue
0x624f73,0x625086,0x625086,275,92,7,11,call-target;prologue
0x625086,0x62523e,0x62523e,440,135,3,14,call-target
0x62523e,0x625259,0x625259,27,9,3,2,call-target
0x625259,0x6252fa,0x6252fa,161,61,7,7,call-target;prologue
0x6252fa,0x62531e,0x62531e,36,11,3,2,call-target
0x62531e,0x625339,0x625339,27,9,3,2,call-target
0x625339,0x625372,0x625372,57,19,7,2,call-target;prologue
0x625372,0x6253b9,0x6253cc,71,30,7,6,call-target;prologue
0x6253cc,0x6253e6,0x6253f4,26,10,3,2,call-target
0x6253f4,0x625433,0x625466,63,19,3,6,call-target
0x625466,0x625486,0x6254c6,32,14,3,8,call-target
0x6254c6,0x625519,0x625519,83,32,3,4,call-target
0x625519,0x62551e,0x62551e,5,1,3,1,call-target
0x62551e,0x625536,0x625583,24,9,3,6,call-target
0x625583,0x625591,0x6255a0,14,8,3,4,call-target
0x6255a0,0x6255aa,0x6255ec,10,4,3,5,call-target
0x6255ec,0x625638,0x625638,76,28,7,1,call-target;prologue
0x625638,0x6256b6,0x6256b6,126,55,3,10,call-target
0x6256b6,0x6256e6,0x6256e6,48,21,3,2,call-target
0x6256e6,0x62572c,0x62572c,70,27,4,1,prologue
0x62572c,0x62574f,0x62576e,35,12,3,3,call-target
0x62576e,0x625868,0x625868,250,85,7,13,call-target;prologue
0x625868,0x625b6d,0x625b6d,773,277,7,34,call-target;prologue
0x625b6d,0x6260d8,0x6260d8,1387,512,3,31,call-target
0x6260d8,0x6268dc,0x6268dc,2052,672,3,32,call-target
0x6268dc,0x626a1a,0x626a1a,318,124,7,4,call-target;prologue
0x626a1a,0x626a9d,0x626a9d,131,57,7,6,call-target;prologue
0x626a9d,0x626bd9,0x626bf1,316,123,7,14,call-target;prologue
0x626bf1,0x626d05,0x626d05,276,98,7,7,call-target;prologue
0x626d05,0x627157,0x62719d,1106,381,3,43,call-target
0x62719d,0x6271d1,0x6271d1,52,19,4,2,prologue
0x6271d1,0x627205,0x627205,52,19,4,2,prologue
0x627205,0x627215,0x627215,16,6,3,1,call-target
0x627215,0x62722d,0x62722d,24,11,3,1,call-target
0x62722d,0x627274,0x627274,71,33,7,3,call-target;prologue
0x627274,0x627296,0x627296,34,15,3,1,call-target
0x627296,0x6272b1,0x6272b1,27,12,3,1,call-target
0x6272b1,0x6272e3,0x6272e3,50,25,7,2,call-target;prologue
0x6272e3,0x627493,0x62749e,432,143,3,14,call-target
0x62749e,0x627614,0x627614,374,123,7,12,call-target;prologue
0x627614,0x6276a6,0x6276a6,146,53,7,6,call-target;prologue
0x6276a6,0x6276e0,0x6277bb,58,24,3,12,call-target
0x6277bb,0x6277fc,0x6277fc,65,18,3,1,call-target
0x6277fc,0x627811,0x627811,21,9,3,1,call-target
0x627811,0x62790d,0x62790d,252,101,7,14,call-target;prologue
0x62790d,0x62799b,0x62799b,142,62,7,6,call-target;prologue
0x62799b,0x627a2d,0x627a2d,146,64,7,8,call-target;prologue
0x627a2d,0x627acb,0x627acb,158,69,7,8,call-target;prologue
0x627acb,0x627b2c,0x627b2c,97,41,4,2,prologue
0x627b2c,0x627b8d,0x627b8d,97,41,4,2,prologue
0x627b8d,0x627d0c,0x627d0c,383,144,4,20,prologue
0x627d0c,0x627d94,0x627d94,136,62,7,8,call-target;prologue
0x627d94,0x627e1f,0x627e1f,139,63,7,8,call-target;prologue
0x627e1f,0x627f3d,0x627f3d,286,118,4,19,prologue
0x627f3d,0x628060,0x628060,291,118,4,19,prologue
0x628060,0x628141,0x628171,225,93,7,16,call-target;prologue
0x628171,0x628225,0x628225,180,55,3,4,call-target
0x628225,0x628247,0x628247,34,16,3,1,call-target
0x628247,0x628262,0x628262,27,12,3,2,call-target
0x628262,0x62827e,0x62827e,28,9,3,1,call-target
0x62827e,0x62829a,0x62829a,28,9,3,1,call-target
0x62829a,0x62830b,0x62830b,113,36,3,3,call-target
0x62830b,0x6284fa,0x6284fa,495,169,7,19,call-target;prologue
0x6284fa,0x628569,0x628569,111,40,3,2,call-target
0x628569,0x628716,0x6288c7,429,160,7,37,call-target;prologue
0x6288c7,0x6288f7,0x628900,48,15,3,2,call-target
0x628900,0x628a06,0x628a10,262,35,3,2,call-target
0x628a10,0x628b1a,0x628b20,266,36,3,2,call-target
0x628b20,0x628bf5,0x628bf5,213,79,7,2,call-target;prologue
0x628bf5,0x628e1b,0x629081,550,73,3,8,call-target
0x629081,0x62914b,0x62914b,202,73,4,4,prologue
0x62914b,0x62922e,0x62922e,227,89,4,8,prologue
0x62922e,0x6292bc,0x6292bc,142,60,4,6,prologue
0x6292bc,0x6292f8,0x6292f8,60,10,3,1,call-target
0x6292f8,0x629333,0x629337,59,25,3,2,call-target
0x629337,0x629370,0x629375,57,26,3,3,call-target
0x629375,0x62945a,0x62945a,229,88,3,12,call-target
0x62945a,0x629471,0x629471,23,7,3,1,call-target
0x629471,0x6296b3,0x6297d8,578,195,3,24,call-target
0x6297d8,0x629851,0x629851,121,51,4,7,prologue
0x629851,0x6298ff,0x629921,174,75,4,14,prologue
0x629921,0x62995f,0x629963,62,28,3,5,call-target
0x629963,0x629970,0x629970,13,4,3,2,call-target
0x629970,0x6299a3,0x6299a6,51,19,3,3,call-target
0x6299a6,0x6299bf,0x6299bf,25,8,3,2,call-target
0x6299bf,0x6299e2,0x6299e2,35,16,3,1,call-target
0x6299e2,0x629a13,0x629a13,49,23,3,1,call-target
0x629a13,0x629a36,0x629a49,35,12,3,2,call-target
0x629a49,0x629a63,0x629a63,26,9,7,1,call-target;prologue
0x629a63,0x629ac1,0x629ac1,94,40,7,6,call-target;prologue
0x629ac1,0x629b23,0x629b23,98,44,3,6,call-target
0x629b23,0x629d39,0x629d39,534,197,7,29,call-target;prologue
0x629d39,0x62a002,0x62a002,713,274,7,34,call-target;prologue
0x62a002,0x62a17d,0x62a17d,379,161,7,21,call-target;prologue
0x62a17d,0x62a319,0x62a319,412,134,3,13,call-target
0x62a319,0x62a3a5,0x62a3a5,140,53,3,10,call-target
0x62a3a5,0x62a59b,0x62a59b,502,182,7,19,call-target;prologue
0x62a59b,0x62a6c5,0x62a6c5,298,113,7,12,call-target;prologue
0x62a6c5,0x62a70f,0x62a70f,74,29,3,5,call-target
0x62a70f,0x62a81a,0x62a81a,267,101,7,13,call-target;prologue
0x62a81a,0x62a909,0x62a909,239,86,7,12,call-target;prologue
0x62a909,0x62aac0,0x62aac0,439,144,7,19,call-target;prologue
0x62aac0,0x62ab0a,0x62ab0a,74,31,3,4,call-target
0x62ab0a,0x62ad2e,0x62ad34,548,171,3,21,call-target
0x62ad34,0x62ad42,0x62ae3d,14,8,7,6,call-target;prologue
0x62ae3d,0x62ae48,0x62ae48,11,4,3,1,call-target
0x62ae48,0x62ae53,0x62ae53,11,4,3,1,call-target
0x62ae53,0x62ae5e,0x62ae5e,11,4,3,1,call-target
0x62ae5e,0x62ae69,0x62ae69,11,4,3,1,call-target
0x62ae69,0x62ae6e,0x62ae6e,5,2,3,1,call-target
0x62ae6e,0x62ae82,0x62ae82,20,8,3,1,call-target
0x62ae82,0x62ae85,0x62ae85,3,2,3,1,call-target
0x62ae85,0x62ae86,0x62ae86,1,1,3,1,call-target
0x62ae86,0x62af2e,0x62af2e,168,62,7,4,call-target;prologue
0x62af2e,0x62b05f,0x62b05f,305,108,7,10,call-target;prologue
0x62b05f,0x62b133,0x62b133,212,73,7,5,call-target;prologue
0x62b133,0x62b1c9,0x62b1c9,150,58,7,7,call-target;prologue
0x62b1c9,0x62b231,0x62b231,104,43,4,4,prologue
0x62b231,0x62b339,0x62b3c4,264,92,4,15,prologue
0x62b3c4,0x62b497,0x62b497,211,78,7,8,call-target;prologue
0x62b497,0x62b4d6,0x62b4e6,63,19,3,6,call-target
0x62b4e6,0x62b6c0,0x62b6c3,474,154,4,21,prologue
0x62b6c3,0x62b862,0x62b862,415,136,4,18,prologue
0x62b862,0x62b8af,0x62b9c8,77,29,4,13,prologue
0x62b9c8,0x62baab,0x62c003,227,81,7,53,call-target;prologue
0x62c003,0x62c0fb,0x62c0fb,248,89,7,7,call-target;prologue
0x62c0fb,0x62c2a5,0x62c2a5,426,142,7,16,call-target;prologue
0x62c2a5,0x62c38b,0x62c38f,230,92,7,13,call-target;prologue
0x62c38f,0x62c479,0x62c479,234,97,7,11,call-target;prologue
0x62c479,0x62c4d7,0x62c4d7,94,41,3,4,call-target
0x62c4d7,0x62c8a0,0x62c8a4,969,342,4,34,prologue
0x62c8a4,0x62c9d3,0x62c9d3,303,99,4,9,prologue
0x62c9d3,0x62ca0d,0x62ca0d,58,21,3,2,call-target
0x62ca0d,0x62ca68,0x62ca68,91,39,3,4,call-target
0x62ca68,0x62cc61,0x62cc65,505,170,4,15,prologue
0x62cc65,0x62ce8e,0x62ce8e,553,197,4,22,prologue
0x62ce8e,0x62cf6c,0x62cf70,222,80,4,8,prologue
0x62cf70,0x62d2c1,0x62d2de,849,298,4,35,prologue
0x62d2de,0x62d581,0x62d581,675,214,4,29,prologue
0x62d581,0x62d5e2,0x62d5e2,97,43,3,3,call-target
0x62d5e2,0x62d799,0x62d799,439,152,4,22,prologue
0x62d799,0x62d80d,0x62d80d,116,47,7,3,call-target;prologue
0x62d80d,0x62d872,0x62d872,101,42,4,2,prologue
0x62d872,0x62d902,0x62d902,144,59,4,4,prologue
0x62d902,0x62d98e,0x62da34,140,58,4,13,prologue
0x62da34,0x62dab7,0x62dad1,131,56,3,4,call-target
0x62dad1,0x62db97,0x62dbaa,198,74,4,9,prologue
0x62dbaa,0x62dc87,0x62dc87,221,82,4,7,prologue
0x62dc87,0x62dcde,0x62dcde,87,39,4,5,prologue
0x62dcde,0x62dd48,0x62dd48,106,50,4,5,prologue
0x62dd48,0x62ddec,0x62ddec,164,65,4,5,prologue
0x62ddec,0x62def3,0x62def3,263,96,4,8,prologue
0x62def3,0x62e0b4,0x62e0b4,449,146,7,15,call-target;prologue
0x62e0b4,0x62e164,0x62e164,176,64,7,2,call-target;prologue
0x62e164,0x62e1cf,0x62e1cf,107,50,4,7,prologue
0x62e1cf,0x62e1f2,0x62e1f2,35,14,4,1,prologue
0x62e1f2,0x62e324,0x62e325,306,105,4,7,prologue
0x62e325,0x62e461,0x62e461,316,88,7,2,call-target;prologue
0x62e461,0x62e58f,0x62e58f,302,90,4,2,prologue
0x62e58f,0x62e6cb,0x62e6cb,316,92,4,2,prologue
0x62e6cb,0x62e8e9,0x62e8e9,542,187,4,13,prologue
0x62e8e9,0x62ea0a,0x62ea0a,289,111,3,21,call-target
0x62ea0a,0x62eaba,0x62eacf,176,64,4,3,prologue
0x62eacf,0x62eb75,0x62eb75,166,71,4,8,prologue
0x62eb75,0x62eba6,0x62eba6,49,23,4,1,prologue
0x62eba6,0x62ecfc,0x62ecfc,342,124,4,4,prologue
0x62ecfc,0x62eee2,0x62eee2,486,174,4,4,prologue
0x62eee2,0x62ef57,0x62ef57,117,35,3,3,call-target
0x62ef57,0x62efc3,0x62f00f,108,45,4,14,prologue
0x62f00f,0x62f347,0x62f347,824,312,7,50,call-target;prologue
0x62f347,0x62f49a,0x62f49a,339,139,7,16,call-target;prologue
0x62f49a,0x62f5d2,0x62f5d2,312,110,7,8,call-target;prologue
0x62f5d2,0x62f65f,0x62f65f,141,59,7,3,call-target;prologue
0x62f65f,0x62f7d6,0x62f7df,375,144,7,21,call-target;prologue
0x62f7df,0x62f8f9,0x62f8f9,282,89,7,7,call-target;prologue
0x62f8f9,0x62f9c9,0x62f9c9,208,78,7,4,call-target;prologue
0x62f9c9,0x62fa72,0x62fa72,169,67,4,6,prologue
0x62fa72,0x62fce0,0x62fce0,622,206,4,10,prologue
0x62fce0,0x62fd70,0x62fd93,144,62,3,8,call-target
0x62fd93,0x62fe95,0x62fea4,258,92,4,14,prologue
0x62fea4,0x62ffb7,0x62ffb7,275,111,3,9,call-target
0x62ffb7,0x630082,0x6300ae,203,83,7,15,call-target;prologue
0x6300ae,0x6301db,0x6301db,301,112,7,11,call-target;prologue
0x6301db,0x630306,0x630306,299,102,7,13,call-target;prologue
0x630306,0x630368,0x630368,98,40,4,3,prologue
0x630368,0x63042d,0x63042d,197,69,7,9,call-target;prologue
0x63042d,0x6304b5,0x6304b5,136,56,4,7,prologue
0x6304b5,0x630542,0x630542,141,58,4,5,prologue
0x630542,0x63062d,0x63062d,235,88,4,7,prologue
0x63062d,0x63072c,0x63072c,255,96,4,7,prologue
0x63072c,0x6308b0,0x6308b0,388,133,4,9,prologue
0x6308b0,0x6308e6,0x6309c5,54,25,3,16,call-target
0x6309c5,0x630a4c,0x630a50,135,46,3,5,call-target
0x630a50,0x630a90,0x630a90,64,21,4,1,prologue
0x630a90,0x630ae9,0x630af0,89,29,4,2,prologue
0x630af0,0x630b29,0x6316e0,57,19,4,44,prologue
0x6316e0,0x63177c,0x631890,156,39,4,8,prologue
0x631890,0x631944,0x631950,180,49,4,2,prologue
0x631950,0x6319d7,0x6319e0,135,38,4,2,prologue
0x6319e0,0x631a87,0x631a90,167,48,4,2,prologue
0x631a90,0x631b45,0x631b50,181,49,4,2,prologue
0x631b50,0x631bec,0x631bf0,156,44,4,2,prologue
0x631bf0,0x631c78,0x631c80,136,38,4,2,prologue
0x631c80,0x631cdc,0x631ce0,92,28,4,2,prologue
0x631ce0,0x631d28,0x631d30,72,24,4,2,prologue
0x631d30,0x631d81,0x631d90,81,27,4,2,prologue
0x631d90,0x631e4e,0x632310,190,53,4,28,prologue
0x632310,0x632392,0x6323a0,130,38,4,2,prologue
0x6323a0,0x63243c,0x63424b,156,39,4,109,prologue
0x63424b,0x634382,0x6346f3,311,77,3,11,call-target
0x6346f3,0x63514c,0x635834,2649,604,4,20,prologue
0x635834,0x63586d,0x6359f4,57,16,3,3,call-target
0x6359f4,0x636b8c,0x637265,4504,1076,4,13,prologue
0x637265,0x63737e,0x63775c,281,80,4,3,prologue
0x63775c,0x6388b0,0x6388b0,4436,1052,4,8,prologue
0x6388b0,0x638b92,0x638f8a,738,195,3,5,call-target
0x638f8a,0x6392be,0x6393b2,820,230,7,6,call-target;prologue
0x6393b2,0x639411,0x639640,95,26,3,4,call-target
0x639640,0x6396cb,0x6396cb,139,37,3,1,call-target
0x6396cb,0x639892,0x639897,455,118,3,2,call-target
0x639897,0x6399ff,0x639a1f,360,137,4,12,prologue
0x639a1f,0x639c25,0x639c45,518,195,4,13,prologue
0x639c45,0x639d78,0x63a668,307,113,4,32,prologue
0x63a668,0x63a6cc,0x63a80b,100,26,3,4,call-target
0x63a80b,0x63a876,0x63a876,107,48,3,6,call-target
0x63a876,0x63a903,0x63a903,141,60,3,6,call-target
0x63a903,0x63a97c,0x63b09e,121,52,7,72,call-target;prologue
0x63b09e,0x63b0d2,0x63b0d2,52,22,3,1,call-target
0x63b0d2,0x63b103,0x63b103,49,22,3,1,call-target
0x63b103,0x63b110,0x63b110,13,5,3,1,call-target
0x63b110,0x63b229,0x63b25b,281,109,7,14,call-target;prologue
0x63b25b,0x63b570,0x63b570,789,230,4,8,prologue
0x63b570,0x63b72e,0x63b72e,446,137,4,8,prologue
0x63b72e,0x63b76b,0x63b76b,61,20,4,1,prologue
0x63b76b,0x63b7b7,0x63b7b7,76,24,4,3,prologue
0x63b7b7,0x63b803,0x63b803,76,24,4,3,prologue
0x63b803,0x63bbe4,0x63bda0,993,336,4,11,prologue
0x63bda0,0x63beaa,0x63beb0,266,67,4,4,prologue
0x63beb0,0x63c023,0x63c030,371,101,3,8,call-target
0x63c030,0x63c1be,0x63c1c0,398,106,3,2,call-target
0x63c1c0,0x63c3ac,0x63c3b0,492,132,7,2,call-target;prologue
0x63c3b0,0x63c896,0x63c8a0,1254,229,7,4,call-target;prologue
0x63c8a0,0x63c988,0x63c990,232,51,3,2,call-target
0x63c990,0x63cad9,0x63cbc0,329,78,7,3,call-target;prologue
0x63cbc0,0x63ccb5,0x63ccc0,245,58,3,2,call-target
0x63ccc0,0x63cdb7,0x63cec0,247,59,3,3,call-target
0x63cec0,0x63cfa9,0x63d2a0,233,54,3,17,call-target
0x63d2a0,0x63d3b9,0x63d3c0,281,73,3,7,call-target
0x63d3c0,0x63d4db,0x63d7b8,283,73,3,13,call-target
0x63d7b8,0x63d7ec,0x63d7ec,52,21,7,2,call-target;prologue
0x63d7ec,0x63dc95,0x63dd61,1193,410,7,57,call-target;prologue
0x63dd61,0x63ddcf,0x63e0e6,110,45,3,42,call-target
0x63e0e6,0x63e165,0x63e165,127,54,7,6,call-target;prologue
0x63e165,0x63e268,0x63e268,259,96,7,14,call-target;prologue
0x63e268,0x63e297,0x63e297,47,12,3,1,call-target
0x63e297,0x63e3ac,0x63e3ac,277,114,7,10,call-target;prologue
0x63e3ac,0x63e80e,0x63e80e,1122,336,7,3,call-target;prologue
0x63e80e,0x63eec6,0x63eec6,1720,473,3,3,call-target
0x63eec6,0x63f221,0x63f221,859,240,7,3,call-target;prologue
0x63f221,0x63fff4,0x63fff4,3539,973,3,1,call-target
0x63fff4,0x6402a9,0x640490,693,250,7,108,call-target;prologue
0x640490,0x6404eb,0x6404f0,91,38,3,6,call-target
0x6404f0,0x640548,0x640548,88,36,7,3,call-target;prologue
0x640548,0x640579,0x64057a,49,16,4,2,prologue
0x64057a,0x6405b2,0x640611,56,8,3,8,call-target
0x640611,0x64061a,0x640620,9,3,3,3,call-target
0x640620,0x64068d,0x6406ac,109,34,3,8,call-target
0x6406ac,0x640721,0x640721,117,37,7,5,call-target;prologue
0x640721,0x640751,0x640751,48,18,7,2,call-target;prologue
0x640751,0x640758,0x640758,7,4,3,1,call-target
0x640758,0x64075f,0x64075f,7,4,3,1,call-target
0x64075f,0x640766,0x640766,7,4,3,1,call-target
0x640766,0x6407b8,0x6407b8,82,29,7,1,call-target;prologue
0x6407b8,0x6407ee,0x640843,54,27,4,4,prologue
0x640843,0x64090a,0x64090a,199,61,7,5,call-target;prologue
0x64090a,0x6409bc,0x6409bc,178,66,4,6,prologue
0x6409bc,0x640a36,0x640a36,122,51,7,9,call-target;prologue
0x640a36,0x640a5e,0x640a5e,40,12,3,1,call-target
0x640a5e,0x640a7c,0x640a7f,30,11,3,4,call-target
0x640a7f,0x640aa1,0x640acb,34,10,3,5,call-target
0x640acb,0x640b24,0x640b24,89,28,7,1,call-target;prologue
0x640b24,0x640b44,0x640b66,32,18,7,3,call-target;prologue
0x640b66,0x640bce,0x640bce,104,33,3,4,call-target
0x640bce,0x640bf1,0x640bf1,35,10,3,2,call-target
0x640bf1,0x640bfa,0x640bfa,9,4,3,1,call-target
0x640bfa,0x640c12,0x640c12,24,10,3,1,call-target
0x640c12,0x640c4c,0x640c4c,58,24,7,1,call-target;prologue
0x640c4c,0x640c5d,0x640c5d,17,5,3,1,call-target
0x640c5d,0x640c9a,0x640c9a,61,25,3,2,call-target
0x640c9a,0x640ce4,0x640ce4,74,31,3,3,call-target
0x640ce4,0x640cfa,0x640d38,22,7,3,6,call-target
0x640d38,0x640d43,0x640d43,11,2,3,1,call-target
0x640d43,0x640d5c,0x640d5c,25,9,3,1,call-target
0x640d5c,0x640d74,0x640d74,24,8,3,1,call-target
0x640d74,0x640d97,0x640daf,35,10,3,3,call-target
0x640daf,0x640dd6,0x640e49,39,13,3,11,call-target
0x640e49,0x640e86,0x640e86,61,19,3,2,call-target
0x640e86,0x640e8f,0x640f15,9,4,3,9,call-target
0x640f15,0x640f20,0x640f20,11,7,3,2,call-target
0x640f20,0x641083,0x641260,355,111,7,38,call-target;prologue
0x641260,0x6413c3,0x64159d,355,109,7,37,call-target;prologue
0x64159d,0x6415ab,0x6415ab,14,6,3,1,call-target
0x6415ab,0x641601,0x641653,86,34,3,6,call-target
0x641653,0x641685,0x641685,50,13,3,1,call-target
0x641685,0x64168b,0x64168b,6,2,3,1,call-target
0x64168b,0x64169d,0x64169d,18,8,3,1,call-target
0x64169d,0x6416a2,0x6416a2,5,1,3,1,call-target
0x6416a2,0x6416b0,0x6416b0,14,10,3,2,call-target
0x6416b0,0x6416f3,0x641754,67,27,3,8,call-target
0x641754,0x64175d,0x64175d,9,2,3,1,call-target
0x64175d,0x6417ee,0x641804,145,40,3,9,call-target
0x641804,0x64180d,0x64180d,9,2,3,1,call-target
0x64180d,0x64189e,0x64189e,145,40,3,8,call-target
0x64189e,0x6418ab,0x6418ab,13,4,3,1,call-target
0x6418ab,0x6418cd,0x6418cd,34,9,3,1,call-target
0x6418cd,0x64197e,0x64197e,177,75,7,7,call-target;prologue
0x64197e,0x641ac6,0x641afe,328,124,7,12,call-target;prologue
0x641afe,0x641b37,0x641b37,57,22,7,2,call-target;prologue
0x641b37,0x641b57,0x641b80,32,10,3,5,call-target
0x641b80,0x641b90,0x641b90,16,5,3,2,call-target
0x641b90,0x641c5a,0x641c78,202,72,3,15,call-target
0x641c78,0x641cc2,0x641cc2,74,22,3,3,call-target
0x641cc2,0x641cda,0x641cec,24,8,3,4,call-target
0x641cec,0x641d1b,0x641d4a,47,14,3,6,call-target
0x641d4a,0x641d92,0x641d92,72,20,3,3,call-target
0x641d92,0x641daa,0x641daa,24,8,3,2,call-target
0x641daa,0x641db5,0x641de0,11,5,3,6,call-target
0x641de0,0x641e19,0x641e54,57,30,7,7,call-target;prologue
0x641e54,0x641e5d,0x641e5d,9,2,3,1,call-target
0x641e5d,0x641efa,0x641f00,157,40,3,9,call-target
0x641f00,0x641f53,0x641fb8,83,35,3,9,call-target
0x641fb8,0x641fc3,0x641fd0,11,5,3,3,call-target
0x641fd0,0x64205f,0x642068,143,37,3,6,call-target
0x642068,0x642120,0x642120,184,48,3,10,call-target
0x642120,0x6421b3,0x642240,147,34,3,9,call-target
0x642240,0x642260,0x642260,32,16,3,3,call-target
0x642260,0x64228d,0x64228d,45,23,7,3,call-target;prologue
0x64228d,0x6422b2,0x6422b2,37,10,3,2,call-target
0x6422b2,0x6422d6,0x64232c,36,10,3,8,call-target
0x64232c,0x6424db,0x642510,431,139,10,21,entry
0x642510,0x642525,0x64254d,21,10,3,3,call-target
0x64254d,0x6425a4,0x6425a4,87,37,7,3,call-target;prologue
0x6425a4,0x6425c3,0x6425c3,31,10,3,1,call-target
0x6425c3,0x642619,0x642619,86,36,7,3,call-target;prologue
0x642619,0x6426a1,0x6426a1,136,55,3,13,call-target
0x6426a1,0x64274d,0x64274d,172,74,3,14,call-target
0x64274d,0x64277b,0x642800,46,13,3,9,call-target
0x642800,0x64282b,0x64283a,43,13,3,3,call-target
0x64283a,0x642868,0x642879,46,13,3,3,call-target
0x642879,0x6428a4,0x6428ed,43,13,3,6,call-target
0x6428ed,0x64291b,0x642a2d,46,13,3,18,call-target
0x642a2d,0x642a61,0x642a61,52,19,7,1,call-target;prologue
0x642a61,0x642ab4,0x642ab4,83,29,3,2,call-target
0x642ab4,0x642abd,0x642ad2,9,4,3,2,call-target
0x642ad2,0x642af9,0x642b09,39,20,3,4,call-target
0x642b09,0x642bd9,0x642bd9,208,78,3,6,call-target
0x642bd9,0x642c9a,0x642c9d,193,67,3,12,call-target
0x642c9d,0x642cc1,0x642cc1,36,17,3,3,call-target
0x642cc1,0x642d99,0x642d9d,216,87,7,14,call-target;prologue
0x642d9d,0x642deb,0x642deb,78,27,3,3,call-target
0x642deb,0x642e1d,0x642e1d,50,14,3,1,call-target
0x642e1d,0x642e26,0x642e26,9,4,3,1,call-target
0x642e26,0x642e49,0x642ee5,35,14,3,5,call-target
0x642ee5,0x643041,0x643041,348,121,7,14,call-target;prologue
0x643041,0x6432d0,0x6432d0,655,173,3,17,call-target
0x6432d0,0x64341a,0x6434a9,330,112,3,21,call-target
0x6434a9,0x6435f2,0x6435f2,329,100,3,8,call-target
0x6435f2,0x6435fb,0x643604,9,4,3,3,call-target
0x643604,0x64367d,0x643680,121,43,3,6,call-target
0x643680,0x6436fb,0x6436fc,123,42,3,7,call-target
0x6436fc,0x643723,0x643770,39,15,7,4,call-target;prologue
0x643770,0x6437c4,0x6437cd,84,23,3,4,call-target
0x6437cd,0x643864,0x643992,151,34,3,19,call-target
0x643992,0x6439b7,0x6439c0,37,17,3,4,call-target
0x6439c0,0x643a53,0x643af0,147,34,3,9,call-target
0x643af0,0x643b00,0x643b10,16,7,3,4,call-target
0x643b10,0x643b24,0x643b2d,20,6,3,2,call-target
0x643b2d,0x643bdb,0x643bdb,174,50,3,9,call-target
0x643bdb,0x643bfc,0x643bfc,33,14,7,1,call-target;prologue
0x643bfc,0x643c22,0x643c38,38,17,4,2,prologue
0x643c38,0x643d23,0x643d23,235,94,4,8,prologue
0x643d23,0x643fc6,0x643fc6,675,248,4,26,prologue
0x643fc6,0x643fdb,0x644009,21,7,3,5,call-target
0x644009,0x64403a,0x6440a5,49,25,7,9,call-target;prologue
0x6440a5,0x6440d5,0x6440d5,48,14,3,2,call-target
0x6440d5,0x6440de,0x6440de,9,4,3,1,call-target
0x6440de,0x6440e7,0x6440e7,9,4,3,1,call-target
0x6440e7,0x6440ff,0x64411d,24,12,3,9,call-target
0x64411d,0x644187,0x644187,106,44,3,9,call-target
0x644187,0x644236,0x644236,175,51,3,5,call-target
0x644236,0x644244,0x64424a,14,6,3,3,call-target
0x64424a,0x64425b,0x64425b,17,6,3,1,call-target
0x64425b,0x64426c,0x64426c,17,6,3,1,call-target
0x64426c,0x64427b,0x64427b,15,6,3,1,call-target
0x64427b,0x64428a,0x64428a,15,6,3,1,call-target
0x64428a,0x6442f9,0x6442fc,111,34,3,6,call-target
0x6442fc,0x644305,0x644305,9,4,3,1,call-target
0x644305,0x644331,0x644331,44,16,3,4,call-target
0x644331,0x644343,0x644343,18,6,3,1,call-target
0x644343,0x6443ed,0x6443ed,170,57,3,6,call-target
0x6443ed,0x6443f6,0x6443fe,9,4,3,2,call-target
0x6443fe,0x644517,0x644517,281,105,7,16,call-target;prologue
0x644517,0x644547,0x64454a,48,21,3,5,call-target
0x64454a,0x64456e,0x64456e,36,16,7,4,call-target;prologue
0x64456e,0x6445a5,0x6445c4,55,23,3,7,call-target
0x6445c4,0x644d9e,0x644e5f,2010,607,3,113,call-target
0x644e5f,0x644e88,0x644e9d,41,19,4,2,prologue
0x644e9d,0x644eba,0x644eba,29,15,3,2,call-target
0x644eba,0x644f68,0x644f68,174,77,7,9,call-target;prologue
0x644f68,0x644fd4,0x644fd4,108,44,7,1,call-target;prologue
0x644fd4,0x645070,0x645070,156,66,7,8,call-target;prologue
0x645070,0x6450d2,0x6450d2,98,38,7,1,call-target;prologue
0x6450d2,0x64516c,0x64516c,154,65,7,5,call-target;prologue
0x64516c,0x645194,0x6451bd,40,15,4,4,prologue
0x6451bd,0x6451cf,0x6451cf,18,6,3,1,call-target
0x6451cf,0x64520b,0x64520f,60,21,4,2,prologue
0x64520f,0x645233,0x645238,36,12,3,2,call-target
0x645238,0x64529e,0x64529e,102,32,4,4,prologue
0x64529e,0x6452da,0x645414,60,20,3,13,call-target
0x645414,0x64544f,0x64544f,59,19,3,1,call-target
0x64544f,0x645460,0x645468,17,9,3,2,call-target
0x645468,0x64554e,0x645569,230,92,4,9,prologue
0x645569,0x6455b4,0x6455b8,75,33,3,6,call-target
0x6455b8,0x6455c5,0x6455d6,13,5,3,2,call-target
0x6455d6,0x645652,0x645689,124,38,3,11,call-target
0x645689,0x6456a4,0x6456d4,27,7,3,5,call-target
0x6456d4,0x645708,0x645719,52,17,3,4,call-target
0x645719,0x645738,0x64592d,31,14,3,25,call-target
0x64592d,0x645a07,0x645a82,218,62,3,11,call-target
0x645a82,0x645af1,0x645af1,111,36,3,3,call-target
0x645af1,0x645c61,0x645c6d,368,130,3,13,call-target
0x645c6d,0x645d92,0x645d92,293,99,4,13,prologue
0x645d92,0x645df9,0x645df9,103,41,7,5,call-target;prologue
0x645df9,0x645eb7,0x645eb7,190,73,7,7,call-target;prologue
0x645eb7,0x64608d,0x6460bb,470,154,7,21,call-target;prologue
0x6460bb,0x64615d,0x646166,162,63,7,7,call-target;prologue
0x646166,0x646196,0x646196,48,11,3,3,call-target
0x646196,0x646207,0x646207,113,37,3,3,call-target
0x646207,0x646334,0x646339,301,109,3,16,call-target
0x646339,0x646342,0x646345,9,4,3,2,call-target
0x646345,0x64634e,0x646389,9,4,3,6,call-target
0x646389,0x64639a,0x646478,17,6,3,5,call-target
0x646478,0x6464a1,0x6464c5,41,13,3,7,call-target
0x6464c5,0x6464e6,0x646500,33,12,3,6,call-target
0x646500,0x64654c,0x6465ba,76,34,7,9,call-target;prologue
0x6465ba,0x6465f7,0x646658,61,24,3,10,call-target
0x646658,0x64666d,0x646685,21,7,7,2,call-target;prologue
0x646685,0x64671c,0x64671c,151,52,3,8,call-target
0x64671c,0x646725,0x646725,9,4,3,1,call-target
0x646725,0x646756,0x646756,49,20,7,2,call-target;prologue
0x646756,0x6468be,0x6468be,360,129,3,13,call-target
0x6468be,0x6468c7,0x646903,9,4,3,5,call-target
0x646903,0x64696d,0x646970,106,33,3,6,call-target
0x646970,0x646979,0x646980,9,4,3,2,call-target
0x646980,0x6469e7,0x6469e7,103,29,3,3,call-target
0x6469e7,0x646a7d,0x646b39,150,47,3,17,call-target
0x646b39,0x646b43,0x646b50,10,3,3,4,call-target
0x646b50,0x646b65,0x646b65,21,11,3,1,call-target
0x646b65,0x646b7c,0x646b7c,23,6,3,1,call-target
0x646b7c,0x646b89,0x646b95,13,4,3,2,call-target
0x646b95,0x646ba7,0x646bd8,18,6,3,2,call-target
0x646bd8,0x646be9,0x646ce0,17,5,3,17,call-target
0x646ce0,0x646cf7,0x646cf7,23,9,7,1,call-target;prologue
0x646cf7,0x646d33,0x646d33,60,23,7,2,call-target;prologue
0x646d33,0x646fd8,0x646fd8,677,246,7,34,call-target;prologue
0x646fd8,0x6471fc,0x6471fc,548,189,7,30,call-target;prologue
0x6471fc,0x647218,0x647244,28,9,3,6,call-target
0x647244,0x647258,0x647271,20,10,3,6,call-target
0x647271,0x6472e9,0x64730f,120,45,7,6,call-target;prologue
0x64730f,0x647343,0x647362,52,18,7,2,call-target;prologue
0x647362,0x6473a2,0x6473c1,64,23,7,2,call-target;prologue
0x6473c1,0x647479,0x647479,184,60,7,4,call-target;prologue
0x647479,0x647542,0x647542,201,65,7,4,call-target;prologue
0x647542,0x64756c,0x6475ab,42,16,7,3,call-target;prologue
0x6475ab,0x6475d0,0x6475d0,37,15,4,1,prologue
0x6475d0,0x6475e8,0x64762b,24,11,7,7,call-target;prologue
0x64762b,0x6476e7,0x6476e7,188,68,7,10,call-target;prologue
0x6476e7,0x6476f2,0x6476f2,11,5,3,1,call-target
0x6476f2,0x6476fe,0x6476fe,12,6,3,1,call-target
0x6476fe,0x647722,0x647722,36,15,7,1,call-target;prologue
0x647722,0x647778,0x647778,86,34,3,6,call-target
0x647778,0x647993,0x647993,539,166,3,15,call-target
0x647993,0x64799c,0x647a20,9,4,3,11,call-target
0x647a20,0x647bd8,0x647bd8,440,160,7,19,call-target;prologue
0x647bd8,0x647be7,0x647d5f,15,7,3,16,call-target
0x647d5f,0x647da2,0x647da2,67,18,3,3,call-target
0x647da2,0x647dab,0x647dd7,9,4,3,2,call-target
0x647dd7,0x647de0,0x647de0,9,4,3,1,call-target
0x647de0,0x647e15,0x647e15,53,15,3,1,call-target
0x647e15,0x647e1e,0x647e1e,9,4,3,1,call-target
0x647e1e,0x647f25,0x647f30,263,105,3,11,call-target
0x647f30,0x647f98,0x647f98,104,43,3,6,call-target
0x647f98,0x647fa1,0x647fa1,9,3,3,1,call-target
0x647fa1,0x647faa,0x647faa,9,3,3,1,call-target
0x647faa,0x647fe0,0x64801d,54,18,3,5,call-target
0x64801d,0x648042,0x648052,37,11,3,4,call-target
0x648052,0x648120,0x648140,206,80,4,6,prologue
0x648140,0x648158,0x64815e,24,9,4,2,prologue
0x64815e,0x6482b6,0x64852e,344,72,3,42,call-target
0x64852e,0x648571,0x648571,67,21,3,1,call-target
0x648571,0x648597,0x6485d7,38,16,3,6,call-target
0x6485d7,0x648865,0x648865,654,180,7,33,call-target;prologue
0x648865,0x648938,0x64897c,211,89,4,15,prologue
0x64897c,0x6489a6,0x6489ac,42,17,3,2,call-target
0x6489ac,0x6489b5,0x6489f0,9,3,3,8,call-target
0x6489f0,0x648a1f,0x648a2e,47,14,4,3,prologue
0x648a2e,0x648a63,0x648a6b,53,14,4,3,prologue
0x648a6b,0x648ab3,0x648ab3,72,20,4,1,prologue
0x648ab3,0x648aba,0x648aba,7,1,3,1,call-target
0x648aba,0x648b1a,0x648c01,96,26,3,9,call-target
0x648c01,0x648c34,0x648c34,51,15,4,1,prologue
0x648c34,0x648c70,0x648c70,60,22,7,3,call-target;prologue
0x648c70,0x648de7,0x648e11,375,115,3,12,call-target
0x648e11,0x648e4a,0x648e76,57,18,3,9,call-target
0x648e76,0x648fda,0x648ff5,356,114,7,22,call-target;prologue
0x648ff5,0x649052,0x649052,93,42,3,9,call-target
0x649052,0x649103,0x649119,177,69,3,13,call-target
0x649119,0x649285,0x649285,364,156,7,34,call-target;prologue
0x649285,0x649327,0x649327,162,63,7,6,call-target;prologue
0x649327,0x649449,0x649449,290,131,3,18,call-target
0x649449,0x649647,0x649693,510,172,3,31,call-target
0x649693,0x6496c4,0x64971b,49,16,3,12,call-target
0x64971b,0x649731,0x649735,22,7,3,2,call-target
0x649735,0x649782,0x64980b,77,23,3,8,call-target
0x64980b,0x649879,0x6498b0,110,46,7,9,call-target;prologue
0x6498b0,0x6498c9,0x6498fc,25,8,3,4,call-target
0x6498fc,0x64990a,0x64993c,14,7,3,6,call-target
0x64993c,0x649f6a,0x64a6cd,1582,416,3,134,call-target
0x64a6cd,0x64a6ea,0x64a715,29,8,3,2,call-target
0x64a715,0x64a740,0x64a740,43,14,3,4,call-target
0x64a740,0x64aa58,0x64aa58,792,261,7,24,call-target;prologue
0x64aa58,0x64aa8d,0x64ab0f,53,18,3,7,call-target
0x64ab0f,0x64ac15,0x64ac15,262,91,7,9,call-target;prologue
0x64ac15,0x64aef4,0x64afc5,735,255,7,31,call-target;prologue
0x64afc5,0x64afef,0x64b339,42,14,4,42,prologue
0x64b339,0x64b635,0x64b6b4,764,269,7,41,call-target;prologue
0x64b6b4,0x64b749,0x64b749,149,62,4,4,prologue
0x64b749,0x64b97c,0x64b97c,563,166,4,7,prologue
0x64b97c,0x64b99c,0x64b9d2,32,18,3,8,call-target
0x64b9d2,0x64ba4b,0x64ba4b,121,64,7,9,call-target;prologue
0x64ba4b,0x64bcb1,0x64bcb1,614,229,7,40,call-target;prologue
0x64bcb1,0x64bd88,0x64c13b,215,65,3,63,call-target
0x64c13b,0x64c200,0x64c200,197,82,7,13,call-target;prologue
0x64c200,0x64c232,0x64c25f,50,17,7,6,call-target;prologue
0x64c25f,0x64c281,0x64c5c6,34,13,7,2,call-target;prologue
0x64c5c6,0x64c756,0x64c7e8,400,95,3,15,call-target
0x64c7e8,0x64c847,0x64c847,95,33,3,4,call-target
0x64c847,0x64ca14,0x64ca47,461,163,4,25,prologue
0x64ca47,0x64cb20,0x64cb20,217,69,3,8,call-target
0x64cb20,0x64cd5f,0x64cd5f,575,220,4,16,prologue
0x64cd5f,0x64cf49,0x64cfa0,490,157,4,25,prologue
0x64cfa0,0x64cfe6,0x64cff0,70,35,7,6,call-target;prologue
0x64cff0,0x64d05e,0x64d114,110,42,3,21,call-target
0x64d114,0x64d174,0x64d174,96,48,7,7,call-target;prologue
0x64d174,0x64d18e,0x64d18e,26,5,3,1,call-target
0x64d18e,0x64d204,0x64d204,118,47,7,5,call-target;prologue
0x64d204,0x64d21f,0x64d222,27,11,3,3,call-target
0x64d222,0x64d26d,0x64d305,75,34,4,14,prologue
0x64d305,0x64d33a,0x64d33a,53,22,3,5,call-target
0x64d33a,0x64d357,0x64d357,29,14,3,5,call-target
0x64d357,0x64d3eb,0x64d3eb,148,50,4,4,prologue
0x64d3eb,0x64d45c,0x64d45c,113,40,7,4,call-target;prologue
0x64d45c,0x64d676,0x64d676,538,170,4,14,prologue
0x64d676,0x64d741,0x64d741,203,69,4,7,prologue
0x64d741,0x64d778,0x64d778,55,15,3,2,call-target
0x64d778,0x64d7fe,0x64d7fe,134,36,3,5,call-target
0x64d7fe,0x64d853,0x64d853,85,21,3,4,call-target
0x64d853,0x64da08,0x64da08,437,134,3,18,call-target
0x64da08,0x64dae5,0x64dbd0,221,69,3,19,call-target
0x64dbd0,0x64dc10,0x64dc10,64,33,7,5,call-target;prologue
0x64dc10,0x64dc41,0x64dc60,49,18,3,5,call-target
0x64dc60,0x64dc79,0x64dc79,25,10,4,1,prologue
0x64dc79,0x64dfc7,0x64e7b0,846,178,3,36,call-target
0x64e7b0,0x64e815,0x64e81e,101,46,7,3,call-target;prologue
0x64e81e,0x64e980,0x64e980,354,119,7,19,call-target;prologue
0x64e980,0x64ea53,0x64ea53,211,89,4,8,prologue
0x64ea53,0x64ec3e,0x64ec68,491,176,7,17,call-target;prologue
0x64ec68,0x64ec80,0x64ec83,24,11,3,2,call-target
0x64ec83,0x64eca4,0x64ecf7,33,12,3,6,call-target
0x64ecf7,0x64ed7e,0x64ed7e,135,40,3,4,call-target
0x64ed7e,0x64ed86,0x64eda2,8,4,3,2,call-target
0x64eda2,0x64ef70,0x64ef70,462,145,3,19,call-target
0x64ef70,0x64eff7,0x64eff7,135,40,3,4,call-target
0x64eff7,0x64efff,0x64f01b,8,4,3,2,call-target
0x64f01b,0x64f05f,0x64f05f,68,19,3,3,call-target
0x64f05f,0x64f06e,0x64f14c,15,5,3,15,call-target
0x64f14c,0x64f170,0x64f17b,36,13,3,2,call-target
0x64f17b,0x64f18f,0x64f19e,20,8,3,2,call-target
0x64f19e,0x64f1c2,0x64f1cd,36,13,3,2,call-target
0x64f1cd,0x64f1e1,0x64f1f0,20,8,3,2,call-target
0x64f1f0,0x64f250,0x64f250,96,41,7,5,call-target;prologue
0x64f250,0x64f277,0x64f280,39,11,3,3,call-target
0x64f280,0x64f315,0x64f31d,149,58,3,7,call-target
0x64f31d,0x64f3e5,0x64f407,200,80,7,13,call-target;prologue
0x64f407,0x64f429,0x64f439,34,16,3,4,call-target
0x64f439,0x64f486,0x64f486,77,38,3,3,call-target
0x64f486,0x64f4f8,0x64f4f8,114,59,7,4,call-target;prologue
0x64f4f8,0x64f513,0x64f51f,27,13,3,3,call-target
0x64f51f,0x64f535,0x64f538,22,10,3,3,call-target
0x64f538,0x64f5b3,0x64f5b3,123,57,7,5,call-target;prologue
0x64f5b3,0x64f70b,0x64f70b,344,140,7,12,call-target;prologue
0x64f70b,0x64f721,0x64f721,22,6,3,1,call-target
0x64f721,0x64f737,0x64f737,22,6,3,1,call-target
0x64f737,0x64f7b3,0x64f7b3,124,46,7,4,call-target;prologue
0x64f7b3,0x64f7f0,0x64f7f0,61,25,7,1,call-target;prologue
0x64f7f0,0x64f82e,0x64f82e,62,25,4,1,prologue
0x64f82e,0x64f86b,0x64f86b,61,25,7,1,call-target;prologue
0x64f86b,0x64f8e2,0x64f8e2,119,57,7,10,call-target;prologue
0x64f8e2,0x64f99c,0x64f99c,186,72,7,8,call-target;prologue
0x64f99c,0x64fa08,0x64fa3c,108,45,7,4,call-target;prologue
0x64fa3c,0x64face,0x64face,146,55,3,13,call-target
0x64face,0x64fb5c,0x64fb5c,142,49,3,13,call-target
0x64fb5c,0x64fb95,0x64fbb6,57,22,3,9,call-target
0x64fbb6,0x64fbe8,0x64fbe8,50,21,7,1,call-target;prologue
0x64fbe8,0x64fbfe,0x64fbfe,22,8,3,1,call-target
0x64fbfe,0x64fcf7,0x64fcf7,249,90,7,8,call-target;prologue
0x64fcf7,0x64ff20,0x64ff20,553,184,7,31,call-target;prologue
0x64ff20,0x64ff3c,0x64ff3c,28,12,3,2,call-target
0x64ff3c,0x64ff58,0x64ff58,28,12,3,2,call-target
0x64ff58,0x64ff70,0x64ffb6,24,11,3,6,call-target
0x64ffb6,0x64ffcd,0x64ffe5,23,10,3,5,call-target
0x64ffe5,0x65000e,0x65000e,41,17,3,1,call-target
0x65000e,0x65019a,0x65019a,396,124,7,17,call-target;prologue
0x65019a,0x6501fd,0x650200,99,31,3,4,call-target
0x650200,0x650209,0x650209,9,4,3,1,call-target
0x650209,0x650399,0x6503a9,400,133,7,22,call-target;prologue
0x6503a9,0x6504f0,0x6504f0,327,93,3,15,call-target
0x6504f0,0x6504f9,0x6504f9,9,4,3,1,call-target
0x6504f9,0x650517,0x65053f,30,8,3,3,call-target
0x65053f,0x6505aa,0x6505ca,107,33,3,7,call-target
0x6505ca,0x6506c2,0x6506c2,248,100,7,12,call-target;prologue
0x6506c2,0x6506c5,0x6506c5,3,2,3,1,call-target
0x6506c5,0x6506d9,0x65077c,20,7,3,10,call-target
0x65077c,0x650785,0x650790,9,4,3,2,call-target
0x650790,0x6507b3,0x650d46,35,10,3,60,call-target
0x650d46,0x650d59,0x650d59,19,6,3,1,call-target
0x650d59,0x650d6c,0x650f81,19,6,3,22,call-target
0x650f81,0x650f96,0x650f96,21,8,3,1,call-target
0x650f96,0x65119c,0x65119c,518,142,3,10,call-target
0x65119c,0x6511be,0x65124e,34,12,3,5,call-target
0x65124e,0x651454,0x651454,518,142,3,10,call-target
0x651454,0x651479,0x65151b,37,12,3,9,call-target
0x65151b,0x65152c,0x65152c,17,9,3,1,call-target
0x65152c,0x65155b,0x6515f3,47,14,3,12,call-target
0x6515f3,0x651604,0x65163c,17,6,3,4,call-target
0x65163c,0x651707,0x65171d,203,70,3,10,call-target
0x65171d,0x65176f,0x6517c4,82,37,3,9,call-target
0x6517c4,0x6517ce,0x6517ce,10,4,3,1,call-target
0x6517ce,0x6517f9,0x65188e,43,24,7,10,call-target;prologue
0x65188e,0x6518b9,0x6518b9,43,12,3,2,call-target
0x6518b9,0x65199c,0x6519a0,227,92,7,10,call-target;prologue
0x6519a0,0x6519ee,0x6519ee,78,40,7,3,call-target;prologue
0x6519ee,0x651aad,0x651b15,191,74,7,9,call-target;prologue
0x651b15,0x651b7e,0x651b7e,105,46,7,6,call-target;prologue
0x651b7e,0x651bfd,0x651bfd,127,52,7,7,call-target;prologue
0x651bfd,0x651c3b,0x651c3b,62,30,3,6,call-target
0x651c3b,0x651c65,0x651c65,42,19,7,3,call-target;prologue
0x651c65,0x651c8c,0x651ca6,39,18,4,3,prologue
0x651ca6,0x651d13,0x651d13,109,55,7,7,call-target;prologue
0x651d13,0x651d44,0x651d44,49,21,4,3,prologue
0x651d44,0x651d5f,0x651d5f,27,11,4,1,prologue
0x651d5f,0x651da2,0x651da2,67,24,7,3,call-target;prologue
0x651da2,0x651e78,0x651f6b,214,79,3,20,call-target
0x651f6b,0x651fe7,0x651fe7,124,47,3,7,call-target
0x651fe7,0x652066,0x652066,127,48,3,7,call-target
0x652066,0x652090,0x6520a7,42,13,3,2,call-target
0x6520a7,0x65213b,0x65213e,148,51,3,6,call-target
0x65213e,0x652147,0x652147,9,4,3,1,call-target
0x652147,0x652169,0x652169,34,10,3,1,call-target
0x652169,0x652242,0x652242,217,66,3,8,call-target
0x652242,0x65224b,0x6522dc,9,4,3,6,call-target
0x6522dc,0x6522e5,0x6523a4,9,4,3,12,call-target
0x6523a4,0x6523ac,0x6523ac,8,4,3,1,call-target
0x6523ac,0x65242f,0x6524c7,131,51,7,9,call-target;prologue
0x6524c7,0x6524cf,0x65257f,8,4,3,7,call-target
0x65257f,0x652588,0x652588,9,4,3,1,call-target
0x652588,0x6525e5,0x6525e5,93,40,3,4,call-target
0x6525e5,0x6525fa,0x652613,21,10,3,3,call-target
0x652613,0x6526b3,0x6526b3,160,58,3,6,call-target
0x6526b3,0x6526c4,0x6526df,17,7,3,3,call-target
0x6526df,0x6526e8,0x65272e,9,4,3,4,call-target
0x65272e,0x652738,0x652738,10,4,3,1,call-target
0x652738,0x652741,0x65275d,9,4,3,5,call-target
0x65275d,0x652857,0x652b19,250,80,3,38,call-target
0x652b19,0x652b3a,0x652b3a,33,15,3,3,call-target
0x652b3a,0x652b98,0x652b98,94,38,3,3,call-target
0x652b98,0x652bc6,0x652bc6,46,21,3,1,call-target
0x652bc6,0x652bf3,0x652bf3,45,21,3,1,call-target
0x652bf3,0x652cd1,0x652cd1,222,83,7,7,call-target;prologue
0x652cd1,0x6530d5,0x653151,1028,353,7,76,call-target;prologue
0x653151,0x6533b9,0x653450,616,213,7,37,call-target;prologue
0x653450,0x653458,0x65346e,8,4,3,3,call-target
0x65346e,0x65349c,0x6534a5,46,19,3,6,call-target
0x6534a5,0x6534ae,0x653646,9,3,3,17,call-target
0x653646,0x65364f,0x65364f,9,4,3,1,call-target
0x65364f,0x65378a,0x65378a,315,104,3,16,call-target
0x65378a,0x653797,0x6537c8,13,6,3,5,call-target
0x6537c8,0x6537ea,0x653816,34,12,7,4,call-target;prologue
0x653816,0x653898,0x6538a6,130,67,7,7,call-target;prologue
0x6538a6,0x653a81,0x653a81,475,167,7,23,call-target;prologue
0x653a81,0x653b08,0x653b08,135,40,3,4,call-target
0x653b08,0x653b10,0x653b2c,8,4,3,2,call-target
0x653b2c,0x653be8,0x653c5c,188,62,3,17,call-target
0x653c5c,0x653d0f,0x653da0,179,58,3,17,call-target
0x653da0,0x653e01,0x653e01,97,48,7,7,call-target;prologue
0x653e01,0x653e4d,0x653e4d,76,30,3,3,call-target
0x653e4d,0x653e73,0x653e96,38,11,3,4,call-target
0x653e96,0x653e9e,0x653e9e,8,4,3,1,call-target
0x653e9e,0x653f3e,0x653f3e,160,47,3,6,call-target
0x653f3e,0x653f46,0x653f5a,8,4,3,2,call-target
0x653f5a,0x65418c,0x65418c,562,182,7,24,call-target;prologue
0x65418c,0x654212,0x654212,134,54,7,7,call-target;prologue
0x654212,0x65422e,0x65422e,28,14,3,4,call-target
0x65422e,0x6543da,0x6545b2,428,142,3,37,call-target
0x6545b2,0x6545f2,0x6545ff,64,26,3,5,call-target
0x6545ff,0x65460d,0x654660,14,9,7,7,call-target;prologue
0x654660,0x6546de,0x654835,126,52,7,20,call-target;prologue
0x654835,0x6548b8,0x6548b8,131,52,3,7,call-target
0x6548b8,0x65492f,0x65492f,119,36,3,4,call-target
0x65492f,0x654937,0x654953,8,4,3,2,call-target
0x654953,0x65497e,0x65497e,43,17,3,2,call-target
0x65497e,0x6549f5,0x654ace,119,48,7,24,call-target;prologue
0x654ace,0x654b0e,0x654b0e,64,17,3,1,call-target
0x654b0e,0x654b54,0x654b54,70,18,3,1,call-target
0x654b54,0x655051,0x656d00,1277,473,3,706,call-target
0x656d00,0x656d1c,0x656d20,28,9,4,2,prologue
0x656d20,0x656d3c,0x656d40,28,9,4,2,prologue
0x656d40,0x656d5c,0x656d60,28,9,4,2,prologue
0x656d60,0x656d8a,0x656d90,42,13,4,2,prologue
0x656d90,0x656dac,0x656db0,28,9,4,2,prologue
0x656db0,0x656dbf,0x656dc0,15,6,4,2,prologue
0x656dc0,0x656ddc,0x656de0,28,9,4,2,prologue
0x656de0,0x656dfc,0x656e00,28,9,4,2,prologue
0x656e00,0x656e1c,0x656e20,28,9,4,2,prologue
0x656e20,0x656e3c,0x656e40,28,9,4,2,prologue
0x656e40,0x656e5c,0x656e60,28,9,4,2,prologue
0x656e60,0x656e6f,0x656e70,15,6,4,2,prologue
0x656e70,0x656e7f,0x656e80,15,6,4,2,prologue
0x656e80,0x656e8f,0x656e90,15,6,4,2,prologue
0x656e90,0x656ea8,0x656eb0,24,9,4,2,prologue
0x656eb0,0x656ebf,0x656ec0,15,6,4,2,prologue
0x656ec0,0x656ecf,0x656ed0,15,6,4,2,prologue
0x656ed0,0x656edf,0x656ee0,15,6,4,2,prologue
0x656ee0,0x656eef,0x656ef0,15,6,4,2,prologue
0x656ef0,0x656eff,0x656f00,15,6,4,2,prologue
0x656f00,0x656f0f,0x657000,15,6,4,1,prologue
